,job_title
5,Senior Data Analyst
19,Data Analyst
21,Data analyst
40,Operation Analyst
45,KYC System Analyst
47,Data Analyst 2-8
57,"Analyst, Risk Analytics (PPNR/Machine Learning)"
74,Data Analyst
88,Business Analyst
90,Intern - Business Analyst
91,Manager - Data Analyst
96,Data Analyst
107,Data Analyst
129,Technical Business Analyst
133,Analyst-Data Operations
143,Data Analyst
150,Data Analyst
153,Process Associate-Data Analyst
155,Analyst (Writer)
174,MIS Analyst (Logistics)
180,Senior Data Analyst- Machine Learning
197,Applied AI ML Analyst (Data Annotation)
200,QA Analyst
203,Data Science Senior Analyst
206,Lead Analyst
207,Data Analyst - KPI Evaluation for vision systems
212,QA Analyst 3-ProdDev
217,Financial Analyst II
231,Business Analyst ( Mandatory 3 to 4yrs Experience required )
245,Senior Data Analyst - Data Engineering/Analytics
257,Analyst - Data Science
263,Data Analyst
268,Analyst
277,Data Science Platform Support Analyst
279,Data Analyst 2-8
282,Analyst - Tech Consulting - National - Data & Analytics - Ba...
284,Data Science Senior Analyst
288,Data Analyst Intern
291,Data Analyst
310,Data Analyst
312,Data Analyst
319,Digital Analyst - LiveOps Data Science - QuantumBlack Labs
326,Senior Analyst-Data Science
328,Google Analyst
330,"Product Analyst, Data Science, Engineering"
332,Research Science Analyst _Global Banking Pool_Gurugram
336,"Analyst, Data Unification & Analytics, Cyber & Intelligence..."
341,Data Integrity - Analyst
344,Data Analyst (Statistician)
356,Data Analyst
361,Senior Data Analyst
367,Data Analyst- power-bi- SQL
368,Data Analyst
373,Quality Analyst
377,Operation Analyst
380,Data Analyst
381,Programmer Analyst (Junior)
384,GIS Data Analyst
390,Lead Data Analyst
392,"Trainee Analyst, DS&M"
403,Data Analyst
405,Consulting Analyst
408,Business Insights Analyst
428,Data & Analytics Analyst
432,Data & Analytics Analyst
442,Associate Data Analyst
452,Junior Business Analyst
456,Technology Analyst (React Js)
459,Actuarial Data Analyst
461,Research Analyst - ESG Data Solutions-2
471,Data Analyst
475,Data Analyst
482,Analyst / Consultant - Tax Automation and Data Management
489,Data Analyst
490,Data Analyst For A Leading Canadian MNC
493,ESG Data Analyst
494,Digital Analyst - LiveOps Data Engineering - QuantumBlack La...
504,Data Analyst
509,Analyst - Data Science
511,Data Analyst-GTO-Hyderabad
527,Digital Forensics Analyst (Senior)
529,Analyst-Data Maintenance
532,Digital Forensics Analyst (Senior)
535,Analyst-Data Maintenance
543,Operation Analyst
544,Product Data Analyst
545,Data Analyst (Excel advanced specialist)
550,Data Management - Analyst
553,Data Analyst - KPI Evaluation for vision systems
608,Urgent Requirement District IT Analyst
612,Technology Support - Analyst
631,Technical Support- Analyst
637,Data Analyst
647,Cyber Security Analyst
659,Technical Analyst 3-Support
681,Systems Analyst 4
686,Business Analyst - Products
692,Senior Data Analyst
694,QA Analyst
697,Senior Service Desk Analyst - Chat
705,Data Analyst: Full Time
733,Technical Analyst
748,Quality Analyst (Remote)
770,Cyber Security Risk and Compliance- Analyst/Senior Analyst
771,Senior Analyst Customer Applications Support
802,Business Technical Analyst
815,Data and Quality Analyst
828,Data Analyst
836,Business Analyst-IT
838,Senior Data Analyst - Data Engineering/Analytics
839,Data Analyst
840,Senior Data Analyst
841,Data Management Analyst
842,Senior Data Management Analyst
843,Data Analyst
844,Data Analyst
845,Data Processing Analyst (Pipeline - New Demand)
846,Data Analyst
847,Data Analyst (Internship)
848,Data Analyst
849,Data Analyst
850,DATA ANALYST
851,Data Analyst
852,Data Analyst
853,Data Analyst with Tableau
854,Data Analyst
855,Data Analyst
856,Data Analyst
857,Operational Analyst
858,Data Analyst - IAU
859,Data Analyst
860,Data Analyst- power-bi- SQL
861,Data Analyst Intern
862,Data Analyst
863,Data Analyst
864,Data Analyst - Excel VBA
865,Data Analyst
866,Marketing Data Analyst
867,"Analyst, Data Engineering"
868,Data Upload Analyst
869,EIM Data Analyst
870,Data Analyst
871,Data Analyst
872,Data Integrity - Analyst
874,"Business Analyst/Data Analyst(Python, Sql, Numpy, Pandas) (O..."
875,Data Analyst
876,Data Analyst
877,Data Analyst (Statistician)
878,Data Analyst
879,Data Analyst
880,Data Analyst
882,Data Analyst
883,Data Analyst
884,Data Analyst Ecommerce
885,Data Analyst
886,OLM Analyst - Data & Analytics
887,Operational Risk Analyst
888,Data Analyst
889,Data Analyst For A Leading Canadian MNC
890,Research and Data Analyst
891,Data Analyst - Automotive
892,Data Engineer / Data Analyst
893,Data Analyst
894,Data Analyst
895,Data & Analytics Analyst
896,Data Analyst
897,PRMA Analyst
898,Data Analyst
899,Data Analyst
900,Employee Data Analyst
901,Data Analyst
902,Immediate Opening with Omnicuris For Data Analyst
903,Process and Data Analyst
905,Business Analyst
906,Data Analyst
907,Data Analyst (Excel advanced specialist)
908,Data Analyst
909,Reference Data Management Analyst
910,Sr. Data Analyst
911,Data Analyst
912,Business Intelligence Analyst-Permanent Remote
913,Data & Technical Business Analyst
914,Data Analyst
915,Data Processing Analyst
916,Data Analyst
917,Process Associate-Data Analyst
918,Data Analyst
919,Data Analyst
920,Data Analyst
921,Data Analyst
922,Data Analyst (Experienced)
923,Junior Data Analyst
924,Reporting / Data Analyst
925,Master Data Analyst
926,Data Analyst
927,Data Analyst
928,Data Analyst
929,Data Analyst
930,ERP Reporting/Data Analyst
931,Data Analyst
932,Data Analyst / BI Developer
933,Data Analyst
934,Data Analyst
935,Data Analyst
936,Business Data Analyst - Bancassurance
937,Data Analyst
938,Manager - Data Analyst
939,Analyst - Tech Consulting - National - Data & Analytics - Pu...
940,Azure Data Engineer- Senior Analyst- Hyderabad/Bengaluru
941,Risk Analyst
942,Analyst – OrgSolutions
943,Programmer Analyst (Junior)
944,Senior Analyst - Tech and Data Risk & Compliance - Line 1
945,Data Analyst
946,Business Analyst 1-Ops
947,Data Analyst I
948,Data Analyst
949,Data Analyst
950,Data Analyst - Ingestion
951,Data Analyst
952,Data Transformation Analyst II
953,Junior Business Analyst
954,Data Analyst
955,Data Analyst IoT
956,Training Data Analyst
958,Data Analyst
959,Analyst_Data Wrangler
960,Data Science Platform Support Analyst
961,Data Analyst
962,Compliance Data Analyst
963,Data Analyst- People Analytics
964,Senior Data Analyst
965,Analyst Data Operations
966,Data Analyst
967,Hiring Data/Business Analyst - Preferred from Pharma Ind.- W...
968,Data Analyst
969,Data Analyst
970,Data Analyst - KPI Evaluation for vision systems
971,Data Research Analyst
972,Data Analyst
973,MIS & DA - Data Analyst
975,Analyst-Master Data Management - Global Rates-GFS
976,Business Technology Analyst - Data Analytics (SQL with SSIS)
977,Data Analyst
978,Freelancer DATA ANALYST IN POWER BI at Vasai
979,Data Analyst
980,Risk Analyst
981,GIS Data Analyst
982,Data Analyst
983,Data Analyst
984,Data Analyst and BI Reporting
985,Data Analyst
986,Research Analyst - ESG Data Solutions-2
987,Senior Capabilities & Insights Analyst_Asia Banking_Gurugram
988,Product Data Analyst
989,SQL Data/ETL Analyst
990,Senior Data Analyst
992,AI / Big Data Analyst (Powertrain & Exhaust applications)
993,MIS Analyst
994,Data Analyst
995,Data Analyst
996,Senior Data Analyst
997,Senior Data Scientist/ Analyst - T7
998,Data Analyst Sector-10. Rohini
999,Data Analyst
1000,Data Analyst
1001,Analyst-Data Visualization
1002,Data Analyst & MIS Manager
1003,Data Analyst (Senior)
1005,Business Analyst
1006,Data Management - Analyst
1007,Data Analyst
1008,SAS Analyst (Junior)
1009,Data Research Analyst
1010,Associate Data Analyst
1011,Data Analyst
1012,Data Analyst
1013,Data Analyst || Diamond Industry || Surat Location.
1014,Data Analyst
1015,DATA ANALYST
1016,"Lead Analyst, Data Management Quant Analysis"
1017,Data Analyst
1018,Freelancer DATA ANALYST IN POWER BI
1019,Data Analyst
1020,CIB-Digital Document Services-Reference Data Analyst
1021,Lead Analyst - Global Customer Data - Quality & Training
1022,Data Analyst | 4 To 6 Years | Pan India
1023,Data Analyst (Junior)
1024,Analyst - MI & Data Analytics
1025,Global Tax and Legal Data Analytics - Analyst Hyderabad
1026,Business Analyst
1027,Business Analyst
1028,Digital Analyst - LiveOps Data Engineering - QuantumBlack La...
1029,Data Research Analyst
1030,Data Analyst
1031,Senior Data Analyst
1033,Data Analyst
1034,Sr Data Analyst
1035,Data Analyst - EMEA
1036,Retail Data and EDI Analyst
1037,Data Analyst
1038,Sr. Data Analyst
1039,Analyst / Consultant - Tax Automation and Data Management
1040,Data Analyst
1041,Finance Reference Data operations analyst
1042,ESG Data Analyst
1044,Clinical Data Analyst
1045,BA4 Data Analyst
1046,Data Analyst(BI)
1047,Senior Data Analyst
1048,Data Analyst - Tech
1049,Digital Analyst - LiveOps Data Science - QuantumBlack Labs
1050,DG - Business Analyst - Data Analytics
1052,"Specialist, Data/Business Analyst"
1053,Data Analyst- Liabilities
1054,Business Analyst
1055,Data Analyst
1056,Data Analyst
1057,"Analyst -Operational Risk, Data Monitoring(Risk Management)"
1058,Data Analyst (Power BI)
1059,Data Analyst
1060,Data Quality Analyst
1061,Data Analyst-Turbo Cross Sell
1062,Data Specialist / Analyst
1063,Business Analyst - Core Banking
1064,Data Analyst
1065,Markets Data Management Analyst
1066,Clinical Data Analyst (BHMS/BAMS)
1067,Healthcare Data Analyst
1068,"Startup Financial, Data Modeling & Research Analyst"
1069,Data Operations Analyst
1070,Quality Analyst
1071,Business Analyst
1072,Data Analyst
1073,Data Analytic and Informatic Analyst
1074,Associate Analyst-MF-Client Data Management
1075,Data Analyst
1076,Data Analyst (Python)
1077,Financial Analyst - Corporate Accounting & Reporting
1078,Senior Data Analyst
1079,Data Research Analyst
1081,Data Analyst
1082,Data Analyst
1083,Data Analyst
1084,Data Analyst
1085,CIB_Client Data Specialist_Operations Analyst
1086,Data Analyst
1087,Data Analyst Intern
1088,Procurement Analyst
1090,Environment Sustainability Data Analyst | 2 To 4 Years | Mum...
1091,Power BI/Tableau Specialist - Data Analyst
1092,Business Analyst
1093,Senior Data Analyst
1094,Senior Data Analyst | 6 To 9Years | Mumbai & Noida
1095,Business Analyst
1096,Data Analyst Freshers Hiring
1097,Data Analyst
1098,"Data Analyst (Power BI,Azure)"
1099,Intern-Digital Data Analyst
1100,Analyst/ Data Analyst (ABS)
1101,Supply Chain Analyst / Trainee
1102,Data Analyst
1103,Data Analyst
1104,Fund Operations Analyst
1105,Data Analyst- Excel Operator
1107,Data Analyst
1109,Data Analyst
1110,Senior Analyst - Data Management
1111,Senior Data Analyst-Turbo Cross Sell
1112,Data Product Analyst
1113,Data Analyst
1114,Research Science Analyst _Global Banking Pool_Gurugram
1115,SQL Data Analyst
1116,Data Analyst - ChargeGrid
1117,Data Analyst
1118,Data Analyst
1119,Reporting & Data Analyst
1120,Reporting & Data Analyst
1121,Data Analyst
1122,CIB_Reference Data Analyst_Team Leader
1123,Data Governance Analyst
1124,Data Analyst
1125,Data Analyst
1126,Hiring Data Analyst for Non technical role
1127,Business Data Analyst 2
1128,Research - Data Analyst / Associate
1129,Data Analyst
1130,Analyst - CPE Operations - Risk and Brand Protection
1131,Analyst
1132,"Senior Analyst, Product Revenue (Data Analyst)"
1133,KYC System Analyst
1134,Project Analyst
1135,Data Analyst 2
1136,Data and Quality Analyst
1137,Urban Data Analyst
1138,Big Data Analyst
1139,Data protection Analyst
1140,Risk & Controls Analyst
1141,Data Analyst
1142,Data Analyst Intern
1144,Revenue Analyst 1-Fin
1145,CIB-Wholesale KYC operations-Client Data Analyst
1146,"Data Analyst - Gurgaon, HR"
1147,Analyst-Data Operations (copy)
1148,Data Analyst
1149,Jr. Data Analyst
1150,LMS Suppport -Analyst-GTO-Hyderabad
1151,Analytics - Data & Visualisation Analyst
1152,Data Analyst
1153,Data Analyst Trainer
1154,Risk Analyst
1155,Data Analyst
1156,Business Analyst
1157,Data Analyst
1158,Data Analyst
1159,Graduate Engineer Trainee - Data Analyst
1160,Data Analyst: Full Time
1161,Business Intelligence Analyst
1162,Sustainability Analyst
1163,Data Analyst Power bi with Python
1164,Data Analyst
1165,BI Data Analyst
1166,Research Analyst
1167,Data Analyst - Senior Analyst
1168,Junior Analyst
1169,Data Analyst
1170,MIS Data Analyst
1172,Analyst-Online Ops and Resolution
1173,Data and Infrastructure Analyst
1174,Technical Business Analyst
1175,Analyst-Data Maintenance
1176,Data Analyst
1177,Data Analyst
1180,Data analyst - SQL
1181,BI Analyst
1182,Data Analyst
1183,Research Analyst
1184,Data Analyst
1185,Data Operations Analyst
1187,Senior Data Engineer/BIA Analyst
1188,Data Analyst
1189,Supply Chain Analyst
1190,Cybersecurity Analyst for Cybersecurity Operations
1191,Associate Client Data Analyst
1192,Data Analyst
1193,Data Investigations Analyst
1194,Analyst
1196,Analyst-Clinical Data Management (CDM)
1197,Content Analyst - Drug Forecast
1198,Intern - Business Analyst
1199,Data/Business Analyst
1200,Data Analyst-Tech
1201,Senior Performance Data Analyst
1202,Analyst -Trading Analytics Data Team
1203,Data Analyst
1204,Eyeota | Business Intelligence Analyst
1205,Business Analyst
1206,Data Analyst
1207,Data Analyst
1208,Data Analyst
1209,MIS Analyst
1210,Senior Data Analyst
1211,Data Analyst
1212,Analyst - Bing
1213,Sr Data Warehouse Analyst
1214,Data Analyst
1215,Analyst / Sr. Analyst - US Strategy & Research
1216,Data Business Analyst | 3 to 7 years | Mumbai/Bengaluru/Pune
1217,Financial Data Analyst - ESG
1218,Data Analyst
1219,Business Analyst
1220,Data Operation Analyst I ( R- 12502)
1221,Security Analyst
1222,MIS - Data Analyst 1
1223,Data Analyst
1224,CIB_Client Data Analyst_Operations Specialist
1225,Financial Data Analyst - SFG
1226,Data Analyst - BPO / BPM
1227,ITS Tranfer Pricing - Advanced Analyst
1228,Senior Clinical Data Analyst
1229,Senior Analyst-Data Support L2
1230,Data Analyst
1231,"Business Analyst - Strategy , Research and Product Developme..."
1232,Data Management Analyst
1233,Data Analyst or Senior Data Analyst
1235,Data Security Analyst in MNC
1236,Data Steward Analyst
1237,Data Analyst - Subscription Management
1238,Data Analyst
1239,Data Analyst
1240,"Analyst, Data Quality"
1241,Data Scientist / Analyst
1242,Data Analyst
1243,Business Analyst
1244,Engineer Data Analyst
1245,Business/Data Analyst Analytics
1246,Business Analyst
1247,Data Scientist (Analyst)
1248,Business Analyst I
1249,Business Analyst
1250,Data Governance Solution Analyst
1251,Data Analyst
1252,Financial Analyst I - Finance and Reporting
1253,Senior Product Analyst
1254,Business Analyst
1255,TTT- Consultant - Business/data analyst
1256,Senior Clinical Data Analyst
1257,Junior Data Mastering Analyst
1258,Senior Analyst- Risk In Change
1259,Materials Mgmt Analyst I
1260,Data and Dialler Analyst
1261,Data Analyst
1262,Analyst - Data Analytics | Marketing
1263,Business Analyst
1264,Business Analyst
1265,Data Analyst
1266,Data Analyst
1267,Business Analyst
1268,Database Quality Analyst
1269,Lead Business Analyst - Data
1270,Sr. Business Analyst
1271,Data Analyst
1272,Product Data Analyst
1273,Political Research Analyst
1274,Senior Reporting Analyst
1275,Data Analyst
1276,Frontend Data Analyst
1278,Reference Data Analyst
1279,Data Analyst - Financial Analyst
1280,Data Analyst
1282,Security Analyst
1283,Management Trainee / Analyst
1284,Business Consultant / Data Analyst
1285,Data Analyst
1286,Data Analyst - BI (Flexi Model Pool)
1287,Lead Analyst Internship For freshers
1288,"Data Analyst, Trust and Safety, AdSpam"
1289,Research Analyst - Benchmarks-7
1290,Financial Data Analyst
1291,Sr Data Management Analyst
1292,Research Analyst
1293,Supply Chain Analyst-Contractual 2 years
1294,Data Analyst -3
1295,Business/Data Analyst
1296,"Senior Analyst, Data Analysis"
1297,Senior Analyst - Global Mobility USI Strategy and Reporting...
1298,Data Analyst - Data and Analytics
1299,Excel Analyst
1300,Excel Analyst
1301,Data Analyst
1302,Data Analyst
1303,Cyber Security Analyst
1304,Business Analyst
1305,Sr Data Analyst - Business Analytics
1306,Data Analyst - Life & Health
1307,USI-EH22-EA-CMG-Tech CoE-Pursuits Data Analyst-A/SA
1308,Data Analyst
1309,Data Analyst
1310,Research Analyst - Product
1311,Markets Data Management Senior Analyst
1312,Business Analyst - Remote
1313,Senior Data Processing Analyst - Report Services
1314,Analyst - Ops Risk & Compliance - Line 1
1315,Data Analyst
1316,Data Management Analyst
1317,"Analyst , Data Change Management"
1318,Quality and Data Governance Analyst II
1319,Capabilities and Insights Analyst_Insurance Actuarial Scienc...
1320,Data Analyst Lead | Connecticut
1321,IBO Business Analytics – Business & Data Analyst
1323,Data reporting analyst
1324,Data Analyst
1325,"Liquidity Data Governance Analyst, Senior Associate"
1326,Analyst-GDC
1327,Senior Data Analyst
1328,"Data Analyst, Seller Growth and Retention"
1329,KX Reporting & Analytics - Analyst
1330,Data Tranformation Analyst II
1331,Financial Data Analyst - ESG
1332,Monitoring & Evaluation Analyst
1333,Senior Business Analyst
1334,Data Governance Analyst
1335,Sr. Data Analyst
1336,Financial Data Analyst - Banking
1337,Data Analyst For Associate & Senior Associate - COSI Team
1338,Data Analyst Tableau
1339,Senior Data Analyst
1340,Python Data Analyst - Coimbatore Location
1341,Jr. Data Analyst
1342,Senior Analyst - Referential Data
1343,Ref Data Mgmt Analyst 1 - C09
1344,Senior Consultant - Data Analyst
1345,Data Analyst
1346,Data Analyst ( Aurangabad)
1347,Data Analyst
1348,Data Analyst
1349,Data Analyst / Data Scientist
1350,Analyst – Employee Data Management
1351,Business Analyst | BA-42
1354,Data Analyst/Senior Data Analyst
1355,Business Analyst
1356,Analyst (Risk and Control)
1358,PDM Data Analyst
1359,Data Analyst
1360,Data Analyst (ONSITE – EUROPE)
1361,Data Analyst - 7129
1362,Associate Data Analyst
1363,Business Analyst / Data Analyst
1364,Data Analyst
1365,Business Analyst ( Mandatory 3 to 4yrs Experience required )
1366,Senior Data Migration Analyst
1367,Data Analyst
1368,Business Data Analyst
1369,Order Management & Procurement Data Analyst
1370,Market Research Analyst
1371,Data Analyst
1372,Data Management and Delivery Analyst 1
1374,Data Analyst- Growth
1375,Data Analyst | 5 to 7 Years | Mumbai
1376,"Data Analyst, India"
1377,Rpa Business Analyst
1379,Business Management Analyst
1380,Business Analyst
1381,Operations Data Analyst
1382,Data Visualisation Analyst
1383,Data Analyst
1384,Data Analyst
1385,Logistics Transportation analyst and IT Expert
1386,Senior Analyst
1387,Digital Forensics Analyst (Junior)
1388,FCSO Data Quality Analyst
1389,"Product Analyst, Data Science, Engineering"
1390,DATA ANALYST
1391,Data Governance Analyst
1392,Business Analyst
1393,Data Privacy Analyst
1395,Data Analyst
1396,ArcGIS Data Modeler-Analyst/Consultant-Hyderabad/Bengaluru/M...
1397,Data Insights Analyst
1398,Data Analyst
1399,Business Analyst Oracle
1400,Intern Data Analyst
1401,Global Data Analyst
1402,Lead Data Governance Analyst
1403,Business Analyst
1405,Pricing Analyst
1408,Senior Data Analyst
1409,Data Analyst
1410,Sr. Data Analyst
1411,Senior Data Analyst
1412,Business Analyst
1413,Equity Analyst
1414,Data Insights Analyst
1416,Data Engineer / Data Analyst
1417,AVP - Data Analyst
1418,Data Analyst
1419,"Remote Data Analyst (Tableau, Qlikview, Spotfire, and PowerB..."
1420,"Data Analyst, Weather/Altitude Network"
1421,Research Science Analyst_Global Payments Map_Gurugram
1422,Lead Data Analyst
1423,Banking.Data Management Analyst
1424,"Senior Data Analyst, ICE Bonds"
1425,Data Analyst
1426,Data Analyst
1427,"Data Analyst - Payments, Cards & EToll"
1428,Data Analyst
1429,USI-EH23-EA-GTLO-Talent Program Support - Analyst
1431,Customer Service Analyst
1432,Business Analyst
1433,Data Analyst - Senior Associate 2
1434,Business Analyst
1435,Divisional Risk and Control Analyst
1436,CRM Database Administrator/Analyst
1437,Business Analyst
1438,Senior Business Analyst
1439,Analyst-Supply chain management
1440,Analyst - Global Business Operations
1441,Senior Data Analyst (Panel)
1442,BI Data Analyst
1443,Data Analyst
1444,Business Analyst- CSU
1445,Senior Data Analyst- Machine Learning
1446,PPC Analyst
1447,Talent Data and Analytics Coordinator -Analyst
1448,Data Analysts & Market Research
1449,Data Analyst
1450,Data Analyst
1451,Data Processing Analyst I
1452,Capacity Planning Data Analyst
1453,Senior Data Processing Analyst- Omnishopper
1454,Sr. Analyst - Accounting Data Management
1455,Data Analyst - Power Systems Engineering
1456,Operations Analyst
1457,Business Analyst - Project Management (Exp)
1459,Data Migration DB2 Analyst/Consultant
1460,Lead Data Analyst - Payments
1461,Data Analyst (Overnight)
1462,Data Analyst - Audit
1463,Data Technical Analyst (Risk DMO)
1464,Content Analyst - Drug Forecast
1465,Business Analyst
1466,Data Analyst
1467,Business Analyst
1468,Business Analyst
1469,Business Analyst
1470,Business Analyst
1471,"Business System Analyst, Data Management"
1472,Data warehouse Business Analyst
1473,"Scaled Abuse Analyst, YouTube"
1474,MIS Data Analyst - Fintech
1475,Business Analyst
1476,Agile business Analyst
1477,Quality Analyst
1478,Internal Audit-BENGALURU-Analyst-Data Analytics
1479,Data Analyst
1480,Business Data Analyst - ETL
1481,Call Center Operations Analyst I
1482,CIB - Client Data Analyst
1483,Genome Analyst
1484,USI-EH23-DTTL(MF)-CA M&NSO-CRM Data Governance-Analyst
1485,Data Analyst
1486,Data Analyst/Associate Analyst
1488,Data mining analyst (Part
1489,"Analyst, Analytics & Metric"
1490,Business Analyst - Payments
1491,HR Data Management Analyst
1492,Reporting Specialist-Analyst
1493,Data Analyst
1494,Data Engineer Analyst Customer Analytics
1495,KYC Pipeline Analyst – Associate
1496,Patient Cloud - Data Analyst
1497,Data Analyst
1498,Power BI Reporting Analyst
1499,Data Analyst
1500,Business Analyst: ADM
1501,Market Research Analyst
1502,Data Governance Analyst
1503,Data Analyst
1504,Data Analyst (Power BI)
1505,Senior Data Management and Delivery Analyst
1506,Business Analyst
1507,Statistical Analyst
1508,Sr Quality and Data Governance Analyst I
1509,Jr. Data Analyst - R/ Python/ Power BI
1510,Data Analyst
1511,Data/Information Mgt Analyst
1512,Data Quality Analyst
1513,Project Analyst
1514,Data Analyst
1515,Database Developer/Analyst - Permanent Remote -
1516,Data Analyst & Quality Lead
1517,Senior Video Analyst Day Shift
1518,Operations Analyst
1519,"Policy Analyst, India Country Program"
1520,"Business Analyst - Analytics, Strategy & Operations - Mercha..."
1521,Data Analyst / Senior Analyst - Digital Product
1522,Senior Data Analyst-Process Mining
1524,Supply Chain Analyst
1525,"Analyst, Data Governance"
1526,Immigration Analyst
1527,Data & MIS Analyst
1528,Business Analyst
1529,Business Analyst
1531,Project Management Analyst
1532,Senior Data Analyst
1533,Operations Analyst- Online
1534,Senior Analyst-Data Maintenance
1535,"Analyst I, Global Financial Data Operations"
1538,HR Analyst
1539,Data Analyst
1540,Sr. Analyst - Research & Insights - Investment Management Re...
1541,Data Analyst
1542,Data Analyst-Python (R5582)
1544,Data Domain Governance Analyst
1545,AML Analyst Position at Contis / Solaris
1547,Senior Data Developer/Analyst
1548,Data Analyst
1549,Analyst-Transaction risk management
1550,Market Risk Analyst
1551,Medical Billing Service RCM Senior Analyst - Work From Home
1552,IFS-IFS Central Services-Data Analyst- Senior Associate 2-Ko...
1553,Data Analyst –Corporate Sustainability - Automotive
1554,Global Demand Planning & Inventory Analyst
1555,Sr. Data Analyst
1556,Fraud Risk Analyst 1 1
1557,IT Business Analyst
1558,Quality Analyst
1559,Senior Analyst (Data/Product/Business)
1560,Cyber Security Risk and Compliance- Analyst/Senior Analyst
1561,Urjent Hiring for Data Analyst
1562,Data Analyst
1563,Data Analyst
1564,Data Analyst (Experienced)
1565,MIS Analyst (Logistics)
1566,CMG - GPS - Marketing - Analyst - Data Analytics
1567,Business Analyst
1568,Operations Analyst
1569,Data Analyst with Business drive
1570,Analyst Master Data Management
1571,Data Analyst
1572,Data Analyst
1573,Data Analyst - Regulatory Risk and Finance
1574,Sr. Data Analyst
1575,Data Analyst
1576,Business Analyst - Manuel Testing
1577,Business Analyst-Business Intelligence
1578,Learning Integration-Analyst/Senior Analyst
1579,Business Analyst
1580,Research Analyst - Central Events (Hybrid)
1581,Program Research Analyst – Sustainable Cities and Transport
1582,Data Analyst
