,job_location
5,"Bengaluru, Karnataka"
19,"Chennai, Tamil Nadu"
21,"Bengaluru, Karnataka"
40,"Kolkata, West Bengal"
45,"Remote in Hyderabad, Telangana"
47,"Bengaluru, Karnataka+1 location"
57,"Bengaluru, Karnataka"
74,"Gurgaon, Haryana"
88,"Gurgaon, Haryana"
90,Remote
91,"Gurgaon, Haryana"
96,"Remote in Hyderabad, Telangana"
107,"Noida, Uttar Pradesh"
129,"Remote in Bengaluru, Karnataka"
133,"Bengaluru, Karnataka"
143,"Bengaluru, Karnataka"
150,"Pune, Maharashtra"
153,"Noida, Uttar Pradesh"
155,Remote in India
174,"New Delhi, Delhi"
180,"Bengaluru, Karnataka"
197,"Hyderabad, Telangana"
200,"Pune, Maharashtra"
203,India
206,"Gurgaon, Haryana"
207,"Bengaluru, Karnataka"
212,"Bengaluru, Karnataka"
217,"Gurgaon, Haryana"
231,"Gurgaon, Haryana"
245,"Temporarily Remote in Bengaluru, Karnataka"
257,"Gurgaon, Haryana"
263,Remote
268,"Bengaluru, Karnataka+1 location"
277,"Pune, Maharashtra"
279,"Bengaluru, Karnataka+1 location"
282,"Bengaluru, Karnataka+2 locations"
284,India
288,"Temporarily Remote in Chennai, Tamil Nadu"
291,"Temporarily Remote in Visakhapatnam, Andhra Pradesh"
310,"Bengaluru, Karnataka"
312,"Bengaluru, Karnataka"
319,"Gurgaon, Haryana"
326,"Bengaluru, Karnataka+1 location"
328,"Unknown, Kolkata, West Bengal"
330,"Bengaluru, Karnataka"
332,"Gurgaon, Haryana"
336,"Hybrid remote in Gurgaon, Haryana"
341,"Hyderabad, Telangana"
344,Remote
356,"Remote in Hyderabad, Telangana"
361,"Remote in Pune, Maharashtra"
367,"Gurgaon, Haryana"
368,"Pune, Maharashtra"
373,"Chennai, Tamil Nadu"
377,"Bengaluru, Karnataka"
380,"Bengaluru, Karnataka+1 location"
381,"Patna, Bihar+1 location"
384,"Erode, Tamil Nadu"
390,"Bengaluru, Karnataka"
392,"Bengaluru, Karnataka"
403,"Bengaluru, Karnataka"
405,"Bengaluru, Karnataka+1 location"
408,"Remote in Bengaluru, Karnataka"
428,"Gurgaon, Haryana+2 locations"
432,"Gurgaon, Haryana+2 locations"
442,"Bengaluru, Karnataka"
452,"Delhi, Delhi"
456,"Hyderabad, Telangana"
459,"Bengaluru, Karnataka"
461,"Hyderabad, Telangana"
471,"Bengaluru, Karnataka"
475,"Bengaluru, Karnataka"
482,"Gurgaon, Haryana"
489,"Bengaluru, Karnataka"
490,"Chandigarh, Chandigarh"
493,"Bengaluru, Karnataka"
494,"Gurgaon, Haryana"
504,"New Delhi, Delhi"
509,"Bengaluru, Karnataka"
511,"Hyderabad, Telangana"
527,"Kolkata, West Bengal+1 location"
529,"Bengaluru, Karnataka"
532,"Kolkata, West Bengal+1 location"
535,"Bengaluru, Karnataka"
543,"Kolkata, West Bengal"
544,"Bengaluru, Karnataka"
545,"Kochi, Kerala"
550,"Hyderabad, Telangana"
553,"Bengaluru, Karnataka"
608,"Remote in Gonda, Uttar Pradesh+2 locations"
612,"Hyderabad, Telangana"
631,"Bengaluru, Karnataka+1 location"
637,"Bengaluru, Karnataka"
647,"Bengaluru, Karnataka"
659,"Hyderabad, Telangana+1 location"
681,"Bengaluru, Karnataka"
686,"Mumbai, Maharashtra"
692,"Pune, Maharashtra"
694,"Malleswaram, Karnataka"
697,"Hyderabad, Telangana"
705,"Remote in Bengaluru, Karnataka"
733,"Pune, Maharashtra"
748,"Remote in Kolkata, West Bengal"
770,"Bengaluru, Karnataka"
771,India
802,"Hyderabad, Telangana"
815,"Bengaluru, Karnataka"
828,"Mumbai, Maharashtra+1 location"
836,"Temporarily Remote in Gurgaon, Haryana"
838,"Temporarily Remote in Bengaluru, Karnataka"
839,"Bengaluru, Karnataka"
840,"Bengaluru, Karnataka"
841,Telangana+1 location
842,"Bengaluru, Karnataka+1 location"
843,"HSR Layout, Bengaluru, Karnataka"
844,Remote
845,"Chennai, Tamil Nadu"
846,"Bengaluru, Karnataka"
847,Remote in India
848,"Remote in Pune, Maharashtra"
849,"Kolkata, West Bengal"
850,Remote
851,"New Delhi, Delhi"
852,"Bengaluru, Karnataka+1 location"
853,"Hyderabad, Telangana"
854,"Noida, Uttar Pradesh"
855,"Bengaluru, Karnataka"
856,"Noida, Uttar Pradesh"
857,"Noida, Uttar Pradesh"
858,"Gurgaon, Haryana"
859,"Bengaluru, Karnataka"
860,"Gurgaon, Haryana"
861,"Temporarily Remote in Chennai, Tamil Nadu"
862,"Gurgaon, Haryana"
863,"Bengaluru, Karnataka"
864,"Bengaluru, Karnataka"
865,"Thane, Maharashtra+2 locations"
866,"Remote in Kochi, Kerala"
867,"Bengaluru, Karnataka+1 location"
868,"Bengaluru, Karnataka"
869,"Hyderabad, Telangana"
870,"Mohali, Punjab"
871,"Temporarily Remote in Bengaluru, Karnataka"
872,"Hyderabad, Telangana+1 location"
874,"Bengaluru, Karnataka"
875,"Pune, Maharashtra"
876,"Pune, Maharashtra+2 locations"
877,Remote
878,"Temporarily Remote in Visakhapatnam, Andhra Pradesh"
879,"Bengaluru, Karnataka"
880,"Hyderabad, Telangana"
882,"Pune, Maharashtra"
883,"Mumbai, Maharashtra+1 location"
884,"Delhi, Delhi"
885,"Technopark, Kerala"
886,"Bengaluru, Karnataka"
887,"Bengaluru, Karnataka"
888,"Chandigarh, Chandigarh"
889,"Chandigarh, Chandigarh"
890,"Raipur, Chhattisgarh"
891,"Bengaluru, Karnataka+1 location"
892,"Mumbai, Maharashtra"
893,"Chennai, Tamil Nadu"
894,"Bengaluru, Karnataka"
895,"Delhi, Delhi+2 locations"
896,"Remote in Hyderabad, Telangana"
897,"Bengaluru, Karnataka"
898,"Delhi, Delhi"
899,"Noida, Uttar Pradesh"
900,"Bengaluru, Karnataka"
901,"Remote in Gurgaon, Haryana"
902,"Bengaluru, Karnataka"
903,"Bengaluru, Karnataka"
905,"Coimbatore, Tamil Nadu+6 locations"
906,"Pune, Maharashtra"
907,"Kochi, Kerala"
908,Maharashtra
909,"Bengaluru, Karnataka+1 location"
910,"Hyderabad, Telangana"
911,"Delhi, Delhi"
912,"Remote in Ahmedabad, Gujarat"
913,"Chennai, Tamil Nadu"
914,"Faridabad, Haryana"
915,"Remote in Ernakulam, Kerala"
916,"Bengaluru, Karnataka"
917,"Noida, Uttar Pradesh"
918,"Ghaziabad, Uttar Pradesh"
919,"Bengaluru, Karnataka"
920,"Mohali, Punjab"
921,"Bengaluru, Karnataka+1 location"
922,"Gurgaon, Haryana"
923,"Nagpur, Maharashtra"
924,"Bengaluru, Karnataka+1 location"
925,"Gurgaon, Haryana"
926,"Dwarka, Delhi, Delhi"
927,"New Delhi, Delhi"
928,"Surat, Gujarat"
929,"Gurgaon, Haryana"
930,"Mohali, Punjab"
931,"Bengaluru, Karnataka"
932,"Thane, Maharashtra"
933,"Mumbai, Maharashtra"
934,"Bengaluru, Karnataka"
935,"Jaipur, Rajasthan"
936,"Kochi, Kerala"
937,"Indore, Madhya Pradesh"
938,"Gurgaon, Haryana"
939,"Pune, Maharashtra+2 locations"
940,"Bengaluru, Karnataka"
941,"Bengaluru, Karnataka"
942,"Bengaluru, Karnataka"
943,"Patna, Bihar"
944,"Bengaluru, Karnataka"
945,"Gurgaon, Haryana"
946,"Bengaluru, Karnataka+2 locations"
947,"Remote in Hyderabad, Telangana"
948,"Bengaluru, Karnataka"
949,"Bengaluru, Karnataka"
950,"Noida, Uttar Pradesh"
951,"Jaipur, Rajasthan"
952,"Hyderabad, Telangana+3 locations"
953,"Delhi, Delhi"
954,"Bengaluru, Karnataka"
955,"Pune, Maharashtra"
956,"Bengaluru, Karnataka"
958,"Mumbai, Maharashtra"
959,"Bengaluru, Karnataka"
960,"Pune, Maharashtra"
961,"Hyderabad, Telangana"
962,"Pune, Maharashtra"
963,"Bengaluru, Karnataka"
964,"Noida, Uttar Pradesh+1 location"
965,"Bengaluru, Karnataka"
966,"Delhi, Delhi"
967,"Mumbai, Maharashtra"
968,"Bengaluru, Karnataka"
969,"Gurgaon, Haryana"
970,"Bengaluru, Karnataka"
971,"Mumbai, Maharashtra"
972,Remote
973,"Bengaluru, Karnataka"
975,"Hyderabad, Telangana"
976,"Bengaluru, Karnataka"
977,"Gurgaon, Haryana"
978,"Vasai, Maharashtra"
979,"Remote in Bengaluru, Karnataka"
980,"Hybrid remote in Bengaluru, Karnataka"
981,"Erode, Tamil Nadu"
982,"Ernakulam, Kerala"
983,"Gurgaon, Haryana+1 location"
984,"Hyderabad, Telangana"
985,"Gurgaon, Haryana+1 location"
986,"Hyderabad, Telangana"
987,"Gurgaon, Haryana"
988,"Bengaluru, Karnataka"
989,"Chennai, Tamil Nadu"
990,Maharashtra
992,"Bengaluru, Karnataka"
993,"New Delhi, Delhi"
994,"Bengaluru, Karnataka"
995,"Bengaluru, Karnataka"
996,"Bengaluru, Karnataka"
997,"Bengaluru, Karnataka"
998,"Delhi, Delhi"
999,"Mumbai, Maharashtra"
1000,"Mumbai, Maharashtra"
1001,"Bengaluru, Karnataka+1 location"
1002,"Delhi, Delhi"
1003,+1 locationRemote
1005,"Pune, Maharashtra"
1006,"Hyderabad, Telangana"
1007,"Pune, Maharashtra"
1008,+1 locationRemote
1009,"Ahmedabad, Gujarat"
1010,"Bengaluru, Karnataka"
1011,"Gurgaon, Haryana"
1012,"Gurgaon, Haryana"
1013,"Surat, Gujarat"
1014,"Bengaluru, Karnataka"
1015,"Gurgaon, Haryana"
1016,"Pune, Maharashtra"
1017,"Chandigarh, Chandigarh"
1018,"Vasai, Maharashtra"
1019,"Bengaluru, Karnataka"
1020,"Bengaluru, Karnataka"
1021,"Bengaluru, Karnataka"
1022,"Mumbai, Maharashtra"
1023,"New Delhi, Delhi+1 location"
1024,"Pune, Maharashtra"
1025,"Hyderabad, Telangana"
1026,"Bengaluru, Karnataka"
1027,"Remote in Bengaluru, Karnataka"
1028,"Gurgaon, Haryana"
1029,"Delhi, Delhi"
1030,"Bengaluru, Karnataka"
1031,"Pune, Maharashtra"
1033,"Kolkata, West Bengal"
1034,"Bengaluru, Karnataka+1 location"
1035,"Gurgaon, Haryana"
1036,"Pune, Maharashtra"
1037,Maharashtra
1038,"Surat, Gujarat"
1039,"Gurgaon, Haryana"
1040,"Hyderabad, Telangana"
1041,"Bengaluru, Karnataka"
1042,"Bengaluru, Karnataka"
1044,India
1045,"Pune, Maharashtra+1 location"
1046,"Mumbai, Maharashtra"
1047,"Pune, Maharashtra"
1048,"Bengaluru, Karnataka"
1049,"Gurgaon, Haryana"
1050,"Kolkata, West Bengal"
1052,Maharashtra
1053,"Mumbai, Maharashtra"
1054,"Gurgaon, Haryana"
1055,"Noida, Uttar Pradesh"
1056,"Chennai, Tamil Nadu"
1057,"Mumbai, Maharashtra"
1058,"Bengaluru, Karnataka"
1059,"Bengaluru, Karnataka+1 location"
1060,"Kochi, Kerala"
1061,"Airoli, Navi Mumbai, Maharashtra"
1062,"Surat, Gujarat"
1063,India
1064,"Kochi, Kerala"
1065,"Chennai, Tamil Nadu"
1066,"Pune, Maharashtra"
1067,"Delhi, Delhi"
1068,India
1069,"Gurgaon, Haryana"
1070,"Delhi, Delhi"
1071,"Hyderabad, Telangana"
1072,"Gurgaon, Haryana"
1073,"Bengaluru, Karnataka"
1074,"Hyderabad, Telangana"
1075,India
1076,India
1077,"Gurgaon, Haryana"
1078,"New Delhi, Delhi+1 location"
1079,"Ahmedabad, Gujarat"
1081,"New Delhi, Delhi"
1082,India
1083,"New Delhi, Delhi"
1084,"Chennai, Tamil Nadu"
1085,"Bengaluru, Karnataka"
1086,"Dehra Dun, Uttarakhand"
1087,"Chennai, Tamil Nadu"
1088,"Bengaluru, Karnataka+1 location"
1090,"Mumbai, Maharashtra"
1091,"Gurgaon, Haryana"
1092,"Bengaluru, Karnataka"
1093,"Teynampet, Chennai, Tamil Nadu"
1094,"Mumbai, Maharashtra"
1095,"Bengaluru, Karnataka"
1096,"Mohali, Punjab"
1097,"Navi Mumbai, Maharashtra"
1098,"Unknown, Bengaluru, Karnataka"
1099,"Remote in Pune, Maharashtra"
1100,"Delhi, Delhi"
1101,"Nagpur, Maharashtra"
1102,"Hyderabad, Telangana"
1103,"Bengaluru, Karnataka"
1104,"Bengaluru, Karnataka"
1105,India
1107,"Bengaluru, Karnataka"
1109,"Surat, Gujarat"
1110,"Hybrid remote in Navi Mumbai, Maharashtra"
1111,"Airoli, Navi Mumbai, Maharashtra"
1112,"Bengaluru, Karnataka"
1113,"Bengaluru, Karnataka"
1114,"Gurgaon, Haryana"
1115,"Ahmedabad, Gujarat"
1116,"Bengaluru, Karnataka"
1117,"Pune, Maharashtra"
1118,"Indore, Madhya Pradesh"
1119,"Hybrid remote in Pune, Maharashtra"
1120,"Hybrid remote in Pune, Maharashtra"
1121,"Vijayawada, Andhra Pradesh"
1122,"Bengaluru, Karnataka+2 locations"
1123,"Pune, Maharashtra"
1124,India
1125,"Bengaluru, Karnataka"
1126,"Hyderabad, Telangana"
1127,"Chennai, Tamil Nadu"
1128,"Bengaluru, Karnataka"
1129,"Bengaluru, Karnataka"
1130,"Hyderabad, Telangana"
1131,"Hybrid remote in Gurgaon, Haryana"
1132,"Gurgaon, Haryana"
1133,"Remote in Hyderabad, Telangana"
1134,"Gurgaon, Haryana"
1135,"Bengaluru, Karnataka"
1136,"Bengaluru, Karnataka"
1137,"New Delhi, Delhi"
1138,"Gurgaon, Haryana"
1139,"Bengaluru, Karnataka"
1140,"Bengaluru, Karnataka+2 locations"
1141,Remote
1142,"Gurgaon, Haryana"
1144,"Bengaluru, Karnataka"
1145,"Bengaluru, Karnataka"
1146,"Gurgaon, Haryana+2 locations"
1147,"Bengaluru, Karnataka"
1148,"Gurgaon, Haryana"
1149,"Surat, Gujarat"
1150,"Hyderabad, Telangana"
1151,"Delhi, Delhi"
1152,"Bengaluru, Karnataka"
1153,"Ernakulam, Kerala"
1154,"Delhi, Delhi"
1155,"Bengaluru, Karnataka"
1156,"Bengaluru, Karnataka"
1157,"Bengaluru, Karnataka+1 location"
1158,"Pune, Maharashtra"
1159,"Navi Mumbai, Maharashtra"
1160,"Remote in Bengaluru, Karnataka"
1161,Remote
1162,"Bengaluru, Karnataka"
1163,"Remote in Chennai, Tamil Nadu"
1164,"Pattom, Thiruvananthapuram, Kerala"
1165,"Chennai, Tamil Nadu"
1166,"Hyderabad, Telangana"
1167,"Bengaluru, Karnataka"
1168,"Gurgaon, Haryana"
1169,"Remote in Bengaluru, Karnataka"
1170,"Guwahati, Assam"
1172,"Remote in Bengaluru, Karnataka"
1173,Andaman and Nicobar Islands
1174,"Remote in Bengaluru, Karnataka"
1175,"Bengaluru, Karnataka+1 location"
1176,"Tiruchchirappalli, Tamil Nadu"
1177,"Pune, Maharashtra"
1180,"Bengaluru, Karnataka"
1181,"Mumbai, Maharashtra"
1182,"Gurgaon, Haryana"
1183,"Durgapur, West Bengal"
1184,"Jubilee Hills, Hyderabad, Telangana"
1185,"Gurgaon, Haryana"
1187,"Bengaluru, Karnataka"
1188,"Remote in Chennai, Tamil Nadu"
1189,"Bengaluru, Karnataka"
1190,"Pune, Maharashtra"
1191,"Pune, Maharashtra"
1192,Remote
1193,"Chennai, Tamil Nadu"
1194,"Gurgaon, Haryana"
1196,"Bengaluru, Karnataka+1 location"
1197,"Hyderabad, Telangana"
1198,Remote
1199,India
1200,"Gurgaon, Haryana"
1201,"Mumbai, Maharashtra"
1202,"Gurgaon, Haryana"
1203,"Noida, Uttar Pradesh"
1204,Remote
1205,"Bengaluru, Karnataka"
1206,"Bengaluru, Karnataka"
1207,"Royapettah, Chennai, Tamil Nadu"
1208,"Bengaluru, Karnataka"
1209,"Hyderabad, Telangana"
1210,"Bengaluru, Karnataka"
1211,Remote in India
1212,"Bengaluru, Karnataka"
1213,"Bengaluru, Karnataka"
1214,"Gurgaon, Haryana"
1215,"Gurgaon, Haryana"
1216,"Mumbai, Maharashtra"
1217,"Bengaluru, Karnataka"
1218,"Bengaluru, Karnataka"
1219,"Bengaluru, Karnataka"
1220,"Mumbai, Maharashtra"
1221,"Hyderabad, Telangana"
1222,"Bengaluru, Karnataka"
1223,"Hyderabad, Telangana"
1224,"Hyderabad, Telangana"
1225,"Bengaluru, Karnataka"
1226,"Pune, Maharashtra"
1227,"Kolkata, West Bengal+1 location"
1228,"Hyderabad, Telangana"
1229,"Gurgaon, Haryana"
1230,"Bengaluru, Karnataka"
1231,Remote
1232,"Bengaluru, Karnataka"
1233,"Noida, Uttar Pradesh"
1235,"Bengaluru, Karnataka"
1236,"Bengaluru, Karnataka"
1237,"Chennai, Tamil Nadu"
1238,"Noida, Uttar Pradesh"
1239,"New Delhi, Delhi"
1240,"Temporarily Remote in Pune, Maharashtra"
1241,"Bengaluru, Karnataka"
1242,"Hyderabad, Telangana"
1243,"Noida, Uttar Pradesh"
1244,"Ahmedabad, Gujarat"
1245,"Mohali, Punjab"
1246,"Santacruz, Maharashtra"
1247,"Bengaluru, Karnataka"
1248,"Gurgaon, Haryana+1 location"
1249,"Remote in Faridabad, Haryana"
1250,"Bengaluru, Karnataka"
1251,"Noida, Uttar Pradesh"
1252,"Bengaluru, Karnataka"
1253,Remote
1254,"Remote in Gandhinagar, Gujarat"
1255,"Bengaluru, Karnataka"
1256,India
1257,"Pune, Maharashtra"
1258,"Bengaluru, Karnataka"
1259,"Bengaluru, Karnataka"
1260,"Gurgaon, Haryana"
1261,"Kolathur, Chennai, Tamil Nadu"
1262,"Remote in Gurgaon, Haryana"
1263,"Bengaluru, Karnataka"
1264,"Bengaluru, Karnataka"
1265,"Mumbai, Maharashtra"
1266,"Pune, Maharashtra"
1267,"Pune, Maharashtra"
1268,Remote
1269,"Noida, Uttar Pradesh"
1270,"Hyderabad, Telangana+2 locations"
1271,"Bengaluru, Karnataka+1 location"
1272,"Bengaluru, Karnataka"
1273,"Hyderabad, Telangana"
1274,"Pune, Maharashtra"
1275,"Hyderabad, Telangana"
1276,"Hubli, Karnataka"
1278,"Jaipur, Rajasthan+1 location"
1279,"Noida, Uttar Pradesh"
1280,"Gurgaon, Haryana"
1282,"Thiruvananthapuram, Kerala"
1283,"Noida, Uttar Pradesh"
1284,"Pune, Maharashtra"
1285,"Bengaluru, Karnataka"
1286,Remote
1287,"Remote in Bhopal, Madhya Pradesh"
1288,"Hyderabad, Telangana"
1289,"Hyderabad, Telangana"
1290,"Bengaluru, Karnataka+1 location"
1291,"Bengaluru, Karnataka"
1292,"Jaipur, Rajasthan"
1293,India
1294,"Gurgaon, Haryana"
1295,"Kolkata, West Bengal"
1296,"Chennai, Tamil Nadu"
1297,"Hyderabad, Telangana"
1298,"Hybrid remote in Bengaluru, Karnataka"
1299,"Hyderabad, Telangana"
1300,"Hyderabad, Telangana"
1301,"Bengaluru, Karnataka"
1302,"Bengaluru, Karnataka"
1303,"Delhi, Delhi"
1304,Remote
1305,"Gurgaon, Haryana"
1306,"Mumbai, Maharashtra"
1307,"Hyderabad, Telangana"
1308,"Indian Institute of Technology Bombay campus, Mumbai, Maharashtra"
1309,"Chennai, Tamil Nadu"
1310,"Bengaluru, Karnataka"
1311,"Gurgaon, Haryana+1 location"
1312,"Remote in Bengaluru, Karnataka"
1313,"Chennai, Tamil Nadu"
1314,"Bengaluru, Karnataka"
1315,"Mumbai, Maharashtra"
1316,"Pune, Maharashtra"
1317,"Chennai, Tamil Nadu"
1318,"Gurgaon, Haryana"
1319,"Gurgaon, Haryana"
1320,"Bengaluru, Karnataka"
1321,"Mumbai, Maharashtra"
1323,"Hyderabad, Telangana"
1324,"Mumbai, Maharashtra"
1325,"Bengaluru, Karnataka"
1326,"Bengaluru, Karnataka"
1327,"Hyderabad, Telangana"
1328,"Bengaluru, Karnataka"
1329,"Bengaluru, Karnataka"
1330,"Gurgaon, Haryana"
1331,"Bengaluru, Karnataka"
1332,"Patna, Bihar"
1333,"Delhi, Delhi"
1334,"Noida, Uttar Pradesh"
1335,"Delhi, Delhi"
1336,"Bengaluru, Karnataka"
1337,"Bengaluru, Karnataka"
1338,"Gurgaon, Haryana"
1339,"Vasai, Maharashtra"
1340,"Chennai, Tamil Nadu"
1341,"Bengaluru, Karnataka"
1342,"Chennai, Tamil Nadu+1 location"
1343,"Gurgaon, Haryana"
1344,"Bengaluru, Karnataka"
1345,"Bengaluru, Karnataka"
1346,India
1347,"Ahmedabad, Gujarat"
1348,"Pune, Maharashtra"
1349,"Bengaluru, Karnataka"
1350,"Bengaluru, Karnataka"
1351,"Indore, Madhya Pradesh"
1354,"Pune, Maharashtra"
1355,"Sahibzada Ajit Singh Nagar, Punjab"
1356,"Mumbai, Maharashtra+1 location"
1358,"Bengaluru, Karnataka"
1359,"Bengaluru, Karnataka"
1360,"Hyderabad, Telangana"
1361,"Noida, Uttar Pradesh"
1362,"Navi Mumbai, Maharashtra"
1363,"Bengaluru, Karnataka+3 locations"
1364,"Gurgaon, Haryana"
1365,"Gurgaon, Haryana"
1366,"Bengaluru, Karnataka"
1367,Temporarily Remote in Delhi
1368,"Bengaluru, Karnataka"
1369,"Bengaluru, Karnataka"
1370,"Temporarily Remote in Bhubaneshwar, Orissa"
1371,"Gurgaon, Haryana"
1372,"Bengaluru, Karnataka"
1374,Remote
1375,"Mumbai, Maharashtra"
1376,Remote
1377,"Chennai, Tamil Nadu"
1379,"Bengaluru, Karnataka+1 location"
1380,"Bengaluru, Karnataka"
1381,"Pune, Maharashtra"
1382,"Hyderabad, Telangana"
1383,"Jalandhar, Punjab"
1384,"New Delhi, Delhi"
1385,"Bengaluru, Karnataka"
1386,"Bengaluru, Karnataka"
1387,"Chennai, Tamil Nadu+1 location"
1388,"Bengaluru, Karnataka"
1389,"Bengaluru, Karnataka"
1390,"Bengaluru, Karnataka"
1391,"Remote in Hyderabad, Telangana"
1392,"Noida, Uttar Pradesh"
1393,"Pune, Maharashtra"
1395,"Chennai, Tamil Nadu"
1396,"Bengaluru, Karnataka"
1397,"Gurgaon, Haryana"
1398,"Mumbai, Maharashtra"
1399,"Bengaluru, Karnataka"
1400,"Bengaluru, Karnataka"
1401,"Mumbai, Maharashtra"
1402,"Pune, Maharashtra"
1403,"Bengaluru, Karnataka"
1405,"Pune, Maharashtra"
1408,Temporarily Remote
1409,"Ahmedabad, Gujarat"
1410,"Pune, Maharashtra"
1411,India
1412,"Bengaluru, Karnataka"
1413,"Remote in Noida, Uttar Pradesh"
1414,"Gurgaon, Haryana"
1416,"Gurgaon, Haryana"
1417,"Pune, Maharashtra"
1418,"Gurgaon, Haryana"
1419,Remote
1420,"Bengaluru, Karnataka"
1421,"Gurgaon, Haryana"
1422,"Remote in Bengaluru, Karnataka"
1423,"Hyderabad, Telangana"
1424,"Remote in Hyderabad, Telangana"
1425,"Gurgaon, Haryana"
1426,"Pune, Maharashtra"
1427,"Mumbai, Maharashtra"
1428,"Bengaluru, Karnataka"
1429,"Hyderabad, Telangana"
1431,"Gurgaon, Haryana"
1432,"Remote in Pune, Maharashtra"
1433,"Bengaluru, Karnataka"
1434,"Bengaluru, Karnataka"
1435,"Jaipur, Rajasthan+2 locations"
1436,"Temporarily Remote in Mumbai, Maharashtra"
1437,"Bengaluru, Karnataka+1 location"
1438,Haryana
1439,"Chennai, Tamil Nadu"
1440,"Bengaluru, Karnataka"
1441,"Hybrid remote in Mumbai, Maharashtra"
1442,Remote in India
1443,"Gurgaon, Haryana"
1444,"Gurgaon, Haryana"
1445,"Bengaluru, Karnataka"
1446,"Lucknow, Uttar Pradesh"
1447,"Hyderabad, Telangana"
1448,"Gurgaon, Haryana"
1449,"Remote in Bengaluru, Karnataka"
1450,"Bengaluru, Karnataka"
1451,"Delhi, Delhi"
1452,"Pune, Maharashtra"
1453,"Chennai, Tamil Nadu"
1454,"Bengaluru, Karnataka"
1455,"Hyderabad, Telangana"
1456,India
1457,"Gurgaon, Haryana"
1459,"Chennai, Tamil Nadu"
1460,"Delhi, Delhi+2 locations"
1461,"Hyderabad, Telangana"
1462,"Hyderabad, Telangana"
1463,"Mumbai, Maharashtra"
1464,"Hyderabad, Telangana"
1465,"Chennai, Tamil Nadu"
1466,"Gurgaon, Haryana"
1467,"Bengaluru, Karnataka"
1468,"Hyderabad, Telangana"
1469,"Bengaluru, Karnataka"
1470,"Hyderabad, Telangana"
1471,"Bengaluru, Karnataka"
1472,"Remote in Pune, Maharashtra"
1473,"Hyderabad, Telangana"
1474,"Hyderabad, Telangana"
1475,"Noida, Uttar Pradesh+3 locations"
1476,"Gurgaon, Haryana"
1477,"Chennai, Tamil Nadu"
1478,"Bengaluru, Karnataka"
1479,"Ahmedabad, Gujarat"
1480,"Chennai, Tamil Nadu"
1481,"Gurgaon, Haryana"
1482,"Mumbai, Maharashtra"
1483,India
1484,"Hyderabad, Telangana"
1485,"Hyderabad, Telangana"
1486,"Delhi, Delhi"
1488,India
1489,"Hybrid remote in Pune, Maharashtra"
1490,"Bengaluru, Karnataka"
1491,"Bengaluru, Karnataka"
1492,"Bengaluru, Karnataka"
1493,"Noida, Uttar Pradesh"
1494,"Hyderabad, Telangana"
1495,"Bengaluru, Karnataka"
1496,"Pune, Maharashtra"
1497,"Bengaluru, Karnataka"
1498,Remote
1499,"Bengaluru, Karnataka"
1500,"Gurgaon, Haryana+4 locations"
1501,India
1502,"Mumbai, Maharashtra"
1503,"Hyderabad, Telangana+5 locations"
1504,India
1505,"Bengaluru, Karnataka"
1506,"Mangalore, Karnataka"
1507,"Bengaluru, Karnataka"
1508,"Hyderabad, Telangana"
1509,"Remote in Mumbai, Maharashtra"
1510,"Delhi, Delhi"
1511,"Mumbai, Maharashtra+2 locations"
1512,"Chennai, Tamil Nadu"
1513,"Remote in Ahmedabad, Gujarat"
1514,"Madurai, Tamil Nadu"
1515,"Remote in Pune, Maharashtra"
1516,"Bengaluru, Karnataka"
1517,"J. P. Nagar, Bengaluru, Karnataka"
1518,"Bengaluru, Karnataka"
1519,"Temporarily Remote in Darya Ganj, Delhi"
1520,"Hybrid remote in Delhi, Delhi"
1521,"Gurgaon, Haryana"
1522,"Hyderabad, Telangana"
1524,"Bengaluru, Karnataka"
1525,"Bengaluru, Karnataka+1 location"
1526,"Hyderabad, Telangana"
1527,"Mumbai, Maharashtra"
1528,"Mumbai, Maharashtra"
1529,"Delhi, Delhi"
1531,"Bengaluru, Karnataka+1 location"
1532,"Remote in Chennai, Tamil Nadu"
1533,"Bengaluru, Karnataka"
1534,"Bengaluru, Karnataka+2 locations"
1535,"Mumbai, Maharashtra"
1538,"Bengaluru, Karnataka"
1539,"Bengaluru, Karnataka"
1540,"Mumbai, Maharashtra"
1541,"Pune, Maharashtra"
1542,"Pune, Maharashtra"
1544,"Delhi, Delhi"
1545,"Chennai, Tamil Nadu"
1547,"Chennai, Tamil Nadu"
1548,"Bengaluru, Karnataka"
1549,"Bengaluru, Karnataka+1 location"
1550,"Pune, Maharashtra"
1551,"Remote in Agra, Uttar Pradesh+23 locations"
1552,"Kolkata, West Bengal"
1553,"Temporarily Remote in Madras Race Course, Tamil Nadu"
1554,"Hyderabad, Telangana"
1555,"Mumbai, Maharashtra"
1556,"Chennai, Tamil Nadu"
1557,"Pune, Maharashtra"
1558,"Mohali, Punjab"
1559,"Bengaluru, Karnataka"
1560,"Bengaluru, Karnataka"
1561,"Bahadurgarh, Haryana"
1562,"Mumbai, Maharashtra"
1563,"Pune, Maharashtra"
1564,"Bengaluru, Karnataka"
1565,"New Delhi, Delhi"
1566,"Hyderabad, Telangana"
1567,"Gurgaon, Haryana"
1568,"New Delhi, Delhi"
1569,Remote in India
1570,"Bengaluru, Karnataka"
1571,India
1572,"Bengaluru, Karnataka"
1573,"Gurgaon, Haryana"
1574,Remote
1575,"Gurgaon, Haryana"
1576,"Hyderabad, Telangana"
1577,"Gurgaon, Haryana"
1578,"Bengaluru, Karnataka"
1579,"Lucknow, Uttar Pradesh"
1580,"Bengaluru, Karnataka"
1581,"Mumbai, Maharashtra"
1582,"Jaipur, Rajasthan"
