Company_Id,Title,viewCount,channelTitle,commentCount,likeCount,dislikeCount,tags,videoId,channelId,categoryId,publishedAt
C00001,"AXA CEO on Earnings, Business Strategy, 2020 Targets",914,Bloomberg Markets and Finance,0,9,1,['Bloomberg'],_ObwDOiPcPE,UCIALMKvObZNtJ6AmdCLP7Lg,25,2019-02-21T08:09:07.000Z
C00002,2013 Berkshire Hathaway Annual Meeting Afternoon Session | Warren Buffett | Charlie Munger,2251,Buffett Online,5,29,2,"['buffett 2013', '2013 berkshire hathaway', '2013 berkshrie', 'berkshire 2013', '2013 buffett', 'berkshire hathaway 2013', 'munger 2013', '2013 charlie munger', 'charlie munger 2013', '2013 munger', 'Berkshire Hathway', 'Berkshire', 'berkshire hathaway annual meeting', 'Warren Buffett', 'Buffett', 'buffett interest rate', 'Charlie Munger', 'buffett gdp', 'meeting', 'Munger', 'buffett books intrinsic value', 'buffett tax rate', 'charlie', 'warren', 'hathaway', 'annual', 'buffett federal reserve', 'federal reserve', 'fed']",3KzksUUVpS4,UC5deUW7Kadp7x2wHZ48AQRw,27,2018-07-19T07:08:19.000Z
C00003,A Day in the Life of a Goldman Sachs Analyst (The HONEST Truth),278866,Afzal Hussein,500,3670,359,"['Students', 'student', 'uk', 'university', 'entrepreneur', 'internship', 'intern', 'insight week', 'goldman sachs', 'jp morgan', 'investment banking', 'investment', 'banking', 'finance', 'careers', 'corporate ladder', 'interviews', 'interview', 'questions', 'advice', 'mentor', 'mentee', 'guidance', 'linkedin', 'youtube', 'viral', 'London', 'how much do investment bankers earn', 'investment banking pay', 'investment banking salary', 'investment banking bonuses', 'investment banking internship', 'a day in the life', 'bonuses and salaries', 'money']",y4luue9VZag,UCLpcyeOMyhRUifU3cn1AEhQ,26,2018-11-14T17:00:09.000Z
C00004,CITIBANK SHITTY BANK don&#39;t open an account with these fuckers SCAM!,11344,Adeyto,74,124,23,"['Citibank', 'Citibank USA', 'Citibank scam', 'Citibank Scandal', 'Citibank fraud', 'Citibank Debit Card', 'Citibank Commercial', 'Citibank Exposed']",8MsuagRd8pg,UCyxmNJp8tUblosjXWS9k_9Q,19,2017-06-10T16:19:42.000Z
C00005,Transformer Explodes At Con Edison Substation In Queens,79829,CBS New York,748,550,53,"['CBS2 News At 11', 'Jessica Layton', 'Local TV', 'LaGuardia Airport', 'Queens', 'Astoria', 'New York']",8NNk_FW27iQ,UCNZyLULUQBp5e9Q1cKtvk6Q,25,2018-12-28T04:24:35.000Z
C00006,"Get Ready to Rummmbble Over @Fanniemae, @FreddieMac",433,Lou Giserman,0,1,0,,jz8TJnd3U1U,UCxWVnw8--2gWVJ4BF7ILeSw,1,2019-03-28T18:37:04.000Z
C00007,"BNYMELLON Bank, a corrupt fraudulent bank that screwed me and my family over...",92,Richard Alevizos,0,2,0,"['Chris Lagno', 'BNYMELLON', 'Carol Noel', 'novick law', 'don novick', 'Grace Allen', 'samuel Oppenheimer', 'Ludwig Bamberger', 'Russian mafia', 'bank fraud', 'misrepresentation']",lM_lW58wTdY,UCYmO1xmdjW-n-IGOBJeaH0A,25,2019-01-09T18:50:52.000Z
C00008,Bloomberg Global News,3293293,Bloomberg,2,11625,1389,"['News', 'bloomberg', 'wall street', 'brexit', 'markets', 'finance', 'investing', 'business', 'donald trump', 'livestream', 'president', 'america', 'politics', 'senate', 'congress', 'davos', 'interest rates', 'janet yellen', 'GDP', 'Stock market', 'equities', 'stocks', 'bitcoin', 'cryptocurency', 'federal reserve']",dp8PhLsUcFE,UCUMZ7gohGI9HcU9VNsr2FJQ,25,2018-11-06T18:55:47.000Z
C00009,Unionbank going &#39;full force&#39; on digital: official,2139,ABS-CBN News,3,16,1,,eSXCY2Hhc_s,UCE2606prvXQc_noEqKxVJXA,25,2017-11-23T04:32:14.000Z
C00010,"Evercore&#39;s Schlosstein on Post-Crisis Banking, Fiscal Policy, M&amp;A",840,Bloomberg Markets and Finance,0,6,0,['Bloomberg'],wjmIIBvSPfs,UCIALMKvObZNtJ6AmdCLP7Lg,25,2018-09-12T16:28:31.000Z
C000011,15 Things You Didn&#39;t Know About TIFFANY &amp; CO.,201699,Alux.com,178,1864,155,"['Alux', 'Alux.com', 'Alux Youtube', 'luxury living', 'luxury lifestyle', 'luxury homes', 'luxury cars', 'alux watches', 'fine living', 'most expensive things in the world', 'new life', 'most expensive', 'extravagant things', 'billionaire lifestyle', 'tiffany & co.', 'tiffany & co diamonds', 'blue box package', 'tiffany', ""breakfast at tiffany's"", 'tiffany ring', 'tiffany jewelry', 'tiffany engagement', 'necklace', 'commercial', 'unboxing', ""tiffany's review"", 'history', 'documentary', 'luxury brand', ""most expensive tiffany's""]",S09sYBVo2Es,UCNjPtOCvMrKY5eLwr_-7eUg,27,2017-07-09T16:08:21.000Z
C000012,What to expect when Moody&#39;s announces SA credit rating: Iraj Abedian,884,SABC Digital News,1,0,0,"['SABC News', 'actuality', 'world news', 'local news', 'Iraj Abedian', 'Cyril Ramaphosa', ""Moody's""]",JxpVNfNHIV8,UC8yH-uI81UUtEMDsowQyx1g,25,2019-03-29T17:40:20.000Z
C000013,Desvelado Complot Mundial de Citgroup Para Dominar el Mundo,78,TonyMolony,1,2,0,"['complot', 'mundial', 'citigroup', 'capitalismo', 'nuevo orden mundial', 'censura', 'cobardes']",vCIWokkuotY,UCX3J5LGdWHwp4wqXYulQ2uw,27,2011-06-27T20:27:52.000Z
C000014,Internships at Morgan Stanley,66507,The Gateway,[],347,11,"['Investment Banking (Industry)', 'Internship (Job Title)', 'Morgan Stanley (Business Operation)', 'career', 'Finance (Industry)']",gurZ25EiM2M,UCkwx042y-SOBDbIk6SrMU5g,22,2015-11-06T11:43:48.000Z
C000015,Moelis and Company Rings The NYSE Opening Bell,728,New York Stock Exchange,0,2,0,,nOTT0JHgVOs,UCG2B6emunc-8ACAChpHv0qQ,25,2017-07-24T14:04:19.000Z
C000016,Brown Brothers Harriman&#39;s Chandler Says U.S. Economy Is Late in the Cycle,700,Bloomberg Markets and Finance,0,10,0,['Bloomberg'],QrVVSoqwnq8,UCIALMKvObZNtJ6AmdCLP7Lg,25,2018-04-02T15:12:29.000Z
C000017,Silicon Valley Bank: The Founders&#39; Story,3829,Silicon Valley Bank,0,14,0,,ktSQZP_vYug,UCJLo-ihNo6sVMPvRzGVPRoQ,27,2013-10-07T21:48:20.000Z
C000018,Tradeweb Rings the Nasdaq Opening Bell,489,Nasdaq,0,2,0,"['nasdaq', 'stock market', 'stocks', 'finance', 'financial', 'trading', 'trader', 'stock']",5F55aaWWm5Q,UCDhqADfY8S2N8BfrffZAc2w,25,2019-04-04T14:00:48.000Z
C000019,Driving Downtown - Hartford 4K - Connecticut USA,73890,J Utah,208,487,29,"['Driving', 'Downtown', 'Main', 'Street', 'St', 'Hartford', 'Connecticut', 'CT', 'USA', 'US', 'America', '4K', 'NRK', 'Slow TV', 'Drivelapse', 'Tour', 'Relax', 'Relaxation', 'Infrastructure', 'Roads', 'J Utah', 'Insurance', 'Wadsworth Atheneum', 'Mark Twain House', 'Aetna', 'Conning & Company', 'Phoenix Companies', 'UnitedHealthcare', 'Steam Boiler', 'Hartford Steam Boiler', 'Travelers', 'Lincoln National', 'Financial Services Group', 'Guide', 'Attractions', 'Walking', 'Things To Do', 'Visit', 'Museum', 'Stage', 'Science Center', 'state', 'capital', 'capitol', 'Bushnell', 'Harriet Beecher Stow', 'xl']",TjoyJ97rQwk,UCBcVQr-07MH-p9e2kRTdB3A,19,2016-09-27T23:30:00.000Z
C000020,Bristol-Myers Squibb Company Mission | Bristol-Myers Squibb,9417,Bristol-Myers Squibb,1,27,5,"['bms', 'bristol-myers squibb', 'bristol myers squibb', 'bmy', 'bristol myers', 'bmy stock', 'csr', 'corporate social responsibility', 'Bristol-Myers Squibb (Business Operation)', 'Health (Industry)', 'Medicine (Field Of Study)']",ZjHdsC_5cgc,UCjFf4oKibYrHae2NZ_GPS6g,28,2015-09-25T19:32:28.000Z
C000021,MassMutual CEO discusses the 2019 outlook for the United States,200,Yahoo Finance,1,1,0,"['Yahoo Finance', 'Personal Finance', 'Money', 'Investing', 'Business', 'Savings', 'Investment', 'Stocks', 'Bonds', 'FX', 'Currencies', 'NYSE', 'Equities', 'News', 'Politics', 'Market', 'Markets', 'Market Movers', 'Midday Movers', 'The Final Round', 'MassMutual', 'Roger Crandall', 'Smithsonian', 'government shutdown', 'US economy', 'Davos', 'World Economic Forum']",a96xyti6L2k,UCEAZeUIeJs0IjQiqTCdVSIg,25,2019-01-24T15:27:34.000Z
C000022,Meet team UBS: Global Wealth Management,11366,UBS,[],38,4,"['UBS', 'Finance', 'Bank', 'Banking', 'Wealth', 'Wealth management', 'careers', 'jobs', 'work', 'culture', 'people', 'client advisor', 'wealth', 'manager', 'relationship manager', 'investment', 'advisor', 'specialist', 'New York', 'Singapore']",VRC_NoBZIuU,UChddg9J9S18jJJDbRFY-dZQ,27,2018-09-25T09:25:59.000Z
C000023,How to Qualify for Bank of America Preferred Rewards,4984,Bank of America,[],31,5,"['Bank of America', 'BofA', 'BOA', 'Preferred Rewards', 'Rewards program', 'Preferred rewards requirements', 'ARY7XBFK', 'T/D/T ARY7BFK']",ySIUHo8Uv0A,UCtHZ1qs5h4sx9TijVBQCMIA,27,2017-09-07T16:53:40.000Z
C000024,LPL Financial Origin Story | LPL Financial,2461,LPL Financial,[],16,2,"['LPL Focus', 'LPL', 'Financial', 'LPL FInancial', 'History', 'Advisor', 'Story', 'Origin', 'Official', 'Linsco', 'Private Ledger', 'About']",46ZgykT2Q00,UC3Qf9sdJmOKPi17WiBr_liA,27,2018-04-06T21:03:20.000Z
C000025,ZS Associate Interview | Case Study | Case Interview - suggestion and tips,54464,Placement Interview,51,330,30,"['ZS interview', 'ZS Interview questions', 'ZS interview queries', 'ZS Interview tips', 'Delhi College Of Engineering (College/University) placements', 'case interview', 'case study', 'zs associate', 'ZS Associate Interview', 'how to', 'crack', 'prepare', 'business analyst', 'profile', 'and BA', 'engineering', 'interview for engineers']",qnskwH6Zpfc,UC2nd2XJDCPRY5h2K8QZ8cIQ,27,2015-07-15T10:07:55.000Z
C000026,NIC Talks 2017 | Bob Hillis | Direct Supply,447,NIC Seniors Housing & Care,[],2,0,"['senior living', 'senior housing', 'seniors living', 'seniors housing', 'senior living technology', 'senior housing technolgy', 'modern senior housing', 'nic talks', 'Bob Hillis', 'Direct Supply']",9YNP78qCxMM,UCSt7w2vc20tirZIJBJYNGwg,22,2017-10-13T14:43:22.000Z
C000027,TIAA CREF üë®‚Äçüè´  Understanding My Plan Options ü§î,601,Dominique Henderson,4,17,0,"['tiaa cref', 'tiaa-cref', 'tiaa cref commercial', 'tiaa cref home', 'tiaa cref log in', 'tiaa cref retirement', 'tiaa cref retirement options', 'tiaa-cref lifecycle index', 'How does tiaa cref work', 'what is tiaa cref', 'tiaa', 'tiaa tax sheltered annuity', 'What is tiaa', 'annuities', 'djh capital', 'dominique henderson', 'retirement', 'youtube cfp']",KbqSDGHIQE0,UCNcKBY9zah9hLKyu9-6p8CQ,27,2018-12-31T15:15:00.000Z
C000028,HOW TO CONSISTENTLY GROW YOUR TD AMERITRADE ACCOUNT,24050,Ricky Gutierrez,60,648,75,"['stocks', 'how to trade stocks', 'stock market', 'how to day trade', 'penny stocks', 'top stocks to trade', 'stock trading', 'top stocks', 'penny stocks to trade', 'top stocks to buy', 'stock', 'top penny stocks to buy', 'top stocks to buy in 2018', 'how to trade penny stocks', 'how to swing trade stocks', 'how to trade stocks online', 'december stocks', 'weed stocks', 'ricky gutierrez', 'robinhood app', 'td ameritrade', 'how to grow your account', 'how to profit', 'how to trade on td ameritrade', 'tos', 'robinhood account']",zJYYsiCmxs4,UCtlAFoYl2aWb6pMiHCctQHA,27,2018-12-19T16:56:39.000Z
C000029,Lynden Incorporated Employee Reviews - Q3 2018,0,Comparably,0,0,0,"[""What it's like to work at Lynden Incorporated"", 'How to get a job at Lynden Incorporated', 'Career at Lynden Incorporated', 'Working at Lynden Incorporated', 'CEO', 'Salary', 'Employees', 'Hiring Process', 'Recruitment Process', 'Interview Questions', 'Employee Reviews', 'Culture', 'Women in Tech', 'Jobs', 'Office', 'Diversity']",lMfwi8WVox8,UCThDMQtlAixvEJmUP1uk7BQ,22,2018-10-11T17:17:45.000Z
C000030,Schwab Investor Accounts REVIEW,43891,The Credit Shifu,95,561,42,"['the credit shifu', 'charles schwab', 'schwab high yeild investor checking', 'schwab one brokerage account', 'charles schwab card', 'schwab credit card', 'amex platinum for charles schwab', 'best brokerage account', 'vanguard', 'buying stocks', 'investing', 'etfs', 'mutual funds', 'how to invest', 'no atm fee card', 'best debit card', 'schwab debit card', 'td ameritrade']",sKKDD7dm0Lg,UCEVXhsR6e3D522BHQj9MlLg,22,2017-05-15T15:25:41.000Z
C000031,Holman Group Member Benefits | Bay East BUZZ,302,Bay East,0,0,0,"['REALTOR¬Æ', 'realtor', 'real estate', 'training', 'tutorial', 'educational', 'business', 'market']",HYahrNPwl3A,UCTKRnYeNOK6_ojmaZvLFgkg,27,2017-03-17T17:39:49.000Z
C000032,Working at Rabobank,508,Rabobank,0,4,1,"['Rabobank', 'career', 'jobs']",XcfVG7_ADk0,UCp6ZoqiDo8bbEXd_tKi8mDg,22,2019-02-19T10:40:13.000Z
C000033,BANK DOWN - Wells Fargo Shows Flaws of Centralization,28995,Crypto Bobby,170,623,51,"['crypto', 'bitcoin', 'wells fargo', 'cryptocurrency', 'crypto banks', 'crypto bobby']",qB41rJyu9Z4,UCt_oM56Ui0BCCgi0Yc-Wh3Q,28,2019-02-07T20:33:10.000Z
C000034,Capital One Platinum Mastercard,25659,How To Build Credit TV,22,449,20,"['capital one platinum', 'capital one', 'capital one platinum mastercard', 'capital one platinum card', 'capital one platinum review', 'credit', 'credit card', 'credit card review', 'no credit', 'visa', 'cash back', 'capital one mastercard', 'capital one platinum credit card', 'capital one platinum credit card review', 'capital one credit card', 'mastercard', 'capital one credit card review', 'capital one card', 'capital one cards', 'capital one credit cards', 'capital one secured card', 'fair credit', 'fico']",mNjzHwNdoS8,UC-925PwPMVZKEN59r7Rbndg,27,2018-06-21T13:00:03.000Z
C000036,About NorthStar Financial Services Group,99,NorthStar Financial Services Group,0,0,0,,4k50w-E6_FM,UCTkbWRteofDmfGVKNCgCsKg,22,2017-02-13T16:27:51.000Z
C000037,Intercontinental Exchange CEO Says Atlanta Has Become a Tech-Centric City,1122,Bloomberg Markets and Finance,1,18,2,['Bloomberg'],XmUGG5LMzgU,UCIALMKvObZNtJ6AmdCLP7Lg,22,2018-04-09T13:18:09.000Z
C000038,Katie Dotson Student in Action Winner,1,United Consumers Credit Union,0,0,0,,pXGKvRZ_2qg,UCSB1_ReQNDOHVQrHDjr6WYQ,22,2016-01-21T17:11:25.000Z
C000039,Cambridge Associates Brand Video,4341,Engage HATCH,0,8,0,,hX0Kvl3NuOk,UCkxVamKbKdrKKbl7UclUWwA,29,2011-10-24T14:14:15.000Z
C000040,How Bain Capital Ventures Will Spend $1B Fund,1024,Bloomberg Technology,4,20,3,['Bloomberg'],7InRV0zndkM,UCrM7B7SL_g1edFOnmj-SDKg,25,2018-11-14T23:26:08.000Z
C000041,Invest Where Others Fear to Tread for Income and Appreciation: Eaton Vance‚Äôs Kathleen Gaffney,7005,WealthTrack,9,99,4,,84Zs5ISqKU8,UCW9B1PJwennxYi5Fk_94Lew,25,2019-02-16T00:30:00.000Z
C000042,"Setting Up Your Investing Account | Fidelity | Investing, Personal Finance, Dividends",15041,My Dividend Journey,71,161,13,"['Investing', 'start investing', 'investments', 'stock market', 'real estate', 'reits', 'cash', 'wealth', 'dividends', 'portfolio update', 'real estate investing', 'passive income', 'market', 'rich', 'build wealth', 'stocks', 'bonds', 'value stocks', 'dividend growth']",UL9VBvfbE5Y,UCyZNir5FhvazX5L3_Q77UbA,26,2018-08-20T00:49:32.000Z
C000043,Leerink Partners&#39; Ana Gupte Says HCA Has Been Moving Sideways,251,Bloomberg Markets and Finance,0,1,0,['Bloomberg'],ywehKClWOoc,UCIALMKvObZNtJ6AmdCLP7Lg,25,2018-05-01T13:30:01.000Z
C000044,Algorithmic Trading with Python and Quantopian p. 1,145462,sentdex,93,1410,61,"['Python', 'Quantopian', 'programming', 'algo', 'algorithmic', 'finance', 'tutorial', 'investing', 'stocks', 'trading', 'data analysis', 'data science', 'market', 'forex', 'Pandas', 'analysis', 'technical analysis', 'futures', 'options']",GlV_QO5B2eU,UCfzlCWGWYyIQ0aLC5w48gBQ,27,2017-01-30T17:56:19.000Z
C000045,SEI Investments (SEIC) Compared to Envestnet and Schwab! and Valuation Done!,94,The Market is Open,0,5,0,"['SEIC', 'SEI Investments', 'ENV', 'Schwab', 'Top Stock Picks']",Z6COiA0N9xI,UC_MiX28ydqzqEERnt0qzkdg,28,2019-02-01T18:21:49.000Z
C000046,Kitchen Nightmares US S04E12,4450305,aes theticx,11135,28733,925,"['Kitchen Nightmares (TV Program)', 'Reality Television (TV Genre)']",Ds0XHIyPhZg,UCY7myQe1ef6Ed3fhPBn3aEA,1,2014-11-29T19:59:03.000Z
C000047,Disney Mickey Mouse Clubhouse Crayons,34706191,Fizzy Fun Toys,[],38675,21992,"['toys', 'funny', 'colour', 'play', 'fizzy fun toys', 'kids video', 'family', 'kids', 'for children', 'kid', 'nickelodeon', 'toy', 'kids videos', 'friendly', 'kindergarten', 'best', 'playing', 'fun', 'surprise', 'children', 'for kids', 'fizzy']",Rm0Z7wmv7dM,UC4ODgZPSmUVgpbjT_CVNBpA,22,2017-01-05T21:35:14.000Z
C000048,BerkshireBank Monitor Boston Now Open,95,Berkshire AMEB,0,0,0,,xYGffSCyHIw,UCR7m9Qy6DKWkqwEP_r4cQ6A,1,2017-02-03T19:48:58.000Z
C000049,"A Day in the Life of a Postmates Delivery Driver (Review, Earnings, Tips, Suggestions)",132072,emceewilliams,581,1334,140,"['postmates', 'postmates review', 'postmates delivery', 'postmates driver', 'postmates delivery review', 'postmates driver review', 'postmates delivery driver', 'a day in the life', 'postmates earnings', 'postmates tips', 'postmates fleet', 'postmates delivery driver reviews', 'postmates delivery driver tips', 'review on postmates', 'how to be a postmate']",5WjNkdjxb5k,UCDSZ3ysVjBKT3d3VYuBzQ-Q,2,2018-10-05T16:58:55.000Z
C000051,PHILIPPINES TOURIST VISA: HOW TO EXTEND YOUR VISA (2019) [VLOG#34],1249,Happiness Crossing,38,232,0,"['PHILIPPINES TOURIST VISA', 'HOW TO EXTEND YOUR VISA', 'PHILIPPINES VISA EXTENSION', 'philippines tourist visa extension', 'philippines vlog', 'manila philippines', 'travel tips and hacks', 'FILIPINO', 'the Philippines', 'philippines 2019', 'making it juicy', 'the juicy vlog', 'travel vlog', 'philippines travel vlog', 'filipino vlog']",Kco17yQYvLA,UC9jKcnqQ1TziJRAkSXbNISA,24,2019-04-22T15:09:41.000Z
C000052,A Day in the Life of a McKesson Distribution Center,36762,Better Business Health for Hospital Pharmacy,31,98,11,"['Hospital Pharmacy', 'Distribution Center', 'Pharmacy', 'Health', 'Hospital', 'McKesson Corporation (Business Operation)']",LoxeQZs28o4,UCn1pOpcTwG_s4p2uoRTsVsA,22,2014-03-15T05:05:36.000Z
C000053,Wealth Management - Achieve Greater with Northern Trust,4393,Northern Trust,3,11,4,['youtube'],LVkFqpLOcxc,UCky2PWQvQu9S1FDLLrsvA6g,27,2017-09-29T19:09:16.000Z
C000054,Nano-Clear NCI for Industrial Applications - GATX,3224,nanovere,0,13,0,"['GATX', 'TANK CAR', 'EPOXY TOPCOAT', 'INDUSTRIAL PAINT', 'TRAIN PAINT', 'Impron HG', 'Imron HG 2.1', 'Train (Transit Vehicle Type)', 'Tank Locomotive (Transit Service Type)', 'Industrial Topcoat', 'PPG Amerlock 2', 'Macropoxy']",Cf7lSsh11RQ,UCNZxLVlsJtF6c00EDjlGX-g,2,2015-03-24T02:55:02.000Z
C000055,BMO Harris Bank Smart Branch,5394,nctv17,[],20,3,"['BMO', 'Bank', 'Smart Branch', 'Business Connection', 'NCTV17', 'Naperville']",LyjdvKC0gus,UCd-EFUNy8dc5p2NiKH0V2Og,17,2016-04-13T15:47:26.000Z
C000056,William Blair &amp; Company Investment Losses,357,Andrew Stoltmann,0,0,0,"['William Blair & Company (Organization)', 'Investor (Profession)']",kZFCa13PqGQ,UCyN8-AstDhOoFTYdxLLRZzQ,25,2014-06-02T18:46:30.000Z
C000057,The Chicago Board Options Exchange (CBOE) Role In The Market [Episode 135],914,Option Alpha,0,13,0,"['stock market', 'options trading', 'options trader', 'stock charts', 'option strategies', 'stock trading', 'trading', 'put option', 'call option', 'online trading']",BG5-qTg1A4U,UCQAvjhqp559qSQx2dcg9WVg,26,2018-06-14T16:25:06.000Z
C000058,Jim Tyree of Mesirow Financial,827,ChicagolandChamber,0,2,0,"['Jim', 'Tyree']",Ue-72YuFIfk,UCdBFeZNrlmqnKxAlaEksleg,25,2009-10-21T13:48:17.000Z
C000059,"Morningstar‚Äôs Personal Finance Guru, Christine Benz With an Annual Financial Wellness Checkup",4924,WealthTrack,3,61,1,,F9G1L2dr5LY,UCW9B1PJwennxYi5Fk_94Lew,25,2018-12-08T00:30:00.000Z
C000061,Top 5 PwC Interview Questions and Answers,30244,The Complete Guide to Everything,21,459,9,"['PWC interview', 'interview questions and answers', 'Big 4 interview', 'pWC', 'PricewaterhouseCoopers']",4f_81sEPLNM,UC4darBo4jXDLs3bt-72xvNg,28,2018-08-12T15:30:42.000Z
C000062,Envestnet,1563,Mark Bruno,0,3,0,['4667531064001'],FTkOW8QdDFE,UCyadM0y2zma5bGWE5J2ZXfg,25,2015-12-18T21:27:31.000Z
C000064,"Chad Cleaver, CFA, Portfolio Manager, Driehaus Capital Management LLC, Current Thoughts on Emerging",187,CFA Society Cleveland,0,1,0,,ZksMw2vkHw8,UCsWsf7isBYf-b0cKaOBuOYQ,22,2016-05-04T11:05:00.000Z
C000065,Introduction to CIBC Online Banking and Mobile Banking,25587,CIBC,[],87,15,"['CIBC', 'CIBC online banking', 'CIBC banking app', 'CIBC mobile', 'Banking', 'Business', 'Innovation', 'Technology', 'How to', 'Transfers', 'Interac eTransfers', 'eDeposit', 'Bill Payments', 'alerts', 'register', 'manage accounts', 'book a meeting', 'mobile payments']",UFZUUC-wsFQ,UCqa89Iv9OVbhXUl1UICQ6rw,27,2017-01-03T16:59:32.000Z
C000066,Voya Financial CEO Gives Us His Best Financial Advise I Fortune,2273,Fortune Magazine,4,14,0,"['Journalism Franchise', 'Fortune', 'business', 'wall street', 'finance', 'voya', 'voya financial', 'rodney martin', 'returement']",xvlRmzWFrVI,UCP2gdh7HfjgCoi8lO50dA5w,25,2017-04-20T22:00:06.000Z
C000067,Amerprise Financial&#39;s National Day of Service,93,Blue Ridge Area Food Bank,0,0,0,"['Ameriprise Financial (Business Operation)', 'National Day of Service']",yaOrREwzzts,UCr3GAs9r2HHtrI4pso-DfKg,29,2013-12-31T21:57:37.000Z
C000068,Gr√ºner Fisher Investements - Recruitingfilm,17,HCP GRAUWILD GmbH - Werbeagentur,0,0,0,"['HCP Grauwild', 'Recruiting Film', 'Imagefilm', 'Filmproduktion', 'Grauwild', 'Werbeagentur']",4nIl4xi6uOs,UC-g153QOikrYMnjzjvelbdA,1,2019-01-28T13:55:49.000Z
C000069,The Truth About Progressive Insurance.mp4,13030,yazakchattiest,28,71,10,"['The', '4th', 'Hr', '¬ª', 'Truth', 'About', 'Progressive', 'Insurance']",Y0gIBzhuIrY,UCZuhCKhUmtpdoHJPdpXzgDA,22,2012-08-15T15:59:55.000Z
C000071,Kristi Harris Shares How PrimeLending Empowers Loan Officers,683,"PrimeLending, A PlainsCapital Company",0,5,0,,L0MFez-rFNA,UCV39C4HdyEOphc_FVOiwRbQ,22,2017-11-29T20:37:22.000Z
C000073,Why choose KPMG,306777,KPMG,69,962,75,"['KPMG', 'Big 4', 'accounting', 'tax', 'audit', 'advisory', 'careers', 'pwc', 'deloitte', 'Ernst & Young (Organization)']",vUt1aaLxLuY,UCTDkxYOT0uVf9hSyExMASJQ,27,2013-09-04T18:23:25.000Z
C000074,USAA Customer Review,1945,Money Recall,36,25,4,"['USAA', 'usaa customer review', 'customer review', 'navy fed', 'navey federal', 'military loans', 'military banks', 'military insurance', 'banks', 'military homeowner insurance', 'armed forces', 'military home mortgages', 'military', 'us military', 'army', 'navy', 'us army', 'marines']",MDOW6UkosGY,UCQItI-dHaUjWcZmoO-KzoQA,27,2018-10-15T11:14:18.000Z
C000075,Which American Express Charge Card is Right For You? (2018 Update),49719,The Credit Shifu,180,757,19,"['the credit shifu', 'credit card', 'credit score', 'american express charge card', 'amex charge card', 'american express', 'charge card', 'amex gold card', 'amex rose gold', 'amex platinum', 'amex platinum review', 'amex metal rose gold card', 'amex metal card', 'amex gold metal', 'amex green', 'amex green card unboxing', 'american express platinum', 'centurion lounge', 'amex card benefits', 'amex rose gold card', 'new amex gold card', 'new amex gold card review']",ddJHU7aeU1M,UCEVXhsR6e3D522BHQj9MlLg,22,2018-10-14T15:45:16.000Z
C000076,"ZZ Top- I&#39;m Bad, I&#39;m Nationwide (lyrics)",1277731,ZZ Top,281,7172,312,"[""ZZ Top (Musical Group) I'm Bad"", ""I'm Nationwide""]",JIrhcOIYfA8,UCwh_GEK2xL8COQwcgP5Xvjg,10,2014-04-04T11:02:22.000Z
C000077,"Interview with John Strangfeld, Chairman and CEO, Prudential Financial Inc.",2415,TheGenevaAssociation,0,4,0,"['retirement', 'Insurance', 'life insurance', 'financial security', 'pensions']",tg5FYZfJKbM,UCg2rexusra_Jz4Gqy2EbWmg,25,2016-09-30T09:50:01.000Z
C000078,Ares Capital - 10% Dividende - Aktienvorstellung,1020,D wie Dividende,20,33,5,"['dividende', 'hohe dividende', 'monatliche dividende', 'ares capital', 'dividenden aktien', 'aktien', 'b√∂erse', 'dividendenadel', 'dividendenaristokraten']",RLO1pU76Z2A,UCRmzyV3wFq2MARTsroMVNzQ,27,2019-02-02T19:24:39.000Z
C000079,Yo Gotti - Allstate,169010,EpicMusic ‚Ñ¢,35,1372,71,"['yo gotti', 'allstate', 'the return of cocaine muzik', 'yogottiVEVO']",Uz5vtnnPSlo,UCDmwB9wWtfeXQ8zRVkltPiQ,24,2015-08-06T23:49:38.000Z
C000080,Young Alumni Achievement Award: Josh Waibel &#39;09,186,Indiana University of Pennsylvania on YouTube,0,0,0,"['IUP', 'Indiana University of Pennsylvania', 'PNC', 'cyber security', 'pittsburgh', 'alumni', 'computer science', 'Josh Waibel']",VgyGdsXJBaM,UCwogq7xkqybiwqf3e8Kh-wA,27,2017-10-23T15:15:43.000Z
C000082,Taking a look at Cincinnati Financial Corporation (‚ÄúCINF‚Äù),22,Chart of the Day Cafe,0,1,0,"['#trading', '#investing', '#thetrendisyourfriend', '#IWM', '#dividendstock', '#valuestock', '#$IWM', '#learn to trade #learn to read a stock chart', '$CINF', '#CINF']",pdWzmYvV1Qs,UCV3KGqLw40xHCulIXmhIedw,27,2019-01-29T15:00:16.000Z
C000083,Axis Capital Holdings Limited Graded A+ by Various Financial Analysts,48,carter hancock,0,0,0,['Axis Capital Holdings Limited graded A+ by Various Financial Analysts'],Zzk7Buo6IrU,UCqE1jUB9Zu4WvWsPBnsKg8w,22,2015-02-09T04:00:24.000Z
C000084,Small Business Cyber Insurance Powered by Slice,1458,Slice Labs,0,6,0,"['cyber insurance', 'cybersecurity', 'cyber', 'ondemand']",vhnGXsI8Et8,UCzAWI2DZiTrLqBKThIvtlLw,22,2018-10-29T16:30:56.000Z
C000085,Results Oriented Google Analytics,17,Tampa Bay WordPress,0,0,0,"['WordPress', 'Local WordPress Meetups', 'Tampa Bay WordPress', 'Google Analytics', 'Social Media']",mEIVsyCR3J4,UCHlHd21wJ283rWb_WDMFQXQ,28,2019-04-20T03:16:04.000Z
C000088,Chubb Ltd. CEO: Digitizing Insurance | Mad Money | CNBC,1689,CNBC Television,1,10,0,"['CNBC', 'business news', 'finance stock', 'stock market', 'news channel', 'news station', 'breaking news', 'us news', 'world news', 'cable', 'cable news', 'finance news', 'money', 'money tips', 'finance', 'money tips mad money (tv program)', 'Jim Cramer', 'stock advice', 'Jim Cramer interview', 'CEO interview', 'interview', 'mad money interview', 'stock performance', 'market news', 'stock picks']",QU8VI54B8bc,UCrp_UI8XtuYfpiqluWLD7Lw,25,2018-07-31T14:52:30.000Z
C000089,"Wallstrip - CME Group, Inc. (CME)",7141,wallstrip,0,13,2,"['jason', 'hall', 'john', 'behlmann', 'roman', 'bodnar', 'sean', 'tice', 'cme', 'group', 'inc', 'merc', 'chicago', 'mercantile', 'exchange', 'nymex', 'new', 'york', 'saturday']",YeufKd4Wlwk,UCGEU5Xa_5HKMb6gEFfGYdTw,23,2008-01-05T06:58:25.000Z
C000090,S&amp;P Global Inc (SPGI) Holdings Boosted by Highland Capital Management LLC,15,1sNews US,0,0,0,"['S&P Global Inc (SPGI) Holdings Boosted by Highland Capital Management LLC', 'S&P Global Inc', 'SPGI', 'Highland Capital Management LLC']",SwdwMxLzPCQ,UCIrA9IiXBMQ1v4SOMUv13wA,25,2018-02-05T16:50:04.000Z
C000091,SunTrust Banks‚Äô Susan Johnson: What I Draw From My Engineering Background | Forbes,2437,Forbes,7,51,3,"['Forbes', 'Forbes Media', 'Forbes Magazine', 'Forbes Digital', 'Business', 'Finance', 'Entrepreneurship', 'Technology', 'Investing', 'Personal Finance', 'suntrust bank', '2018', 'cannes', 'susan johnson', 'chief marketing officer', 'cmo']",TafaxhIXycE,UCmh7afBz-uWwOSSNTqUBAhg,25,2018-09-27T13:00:04.000Z
C000092,Discover Financial&#39;s Transformation Story,472,Solstice,0,3,0,,uKg8Z8rAI2c,UCNOeIMewd-UX51lEy1iTQiA,28,2018-06-08T19:16:27.000Z
C000093,Synchrony Financial: The Biggest Credit Card Company People Have Never Heard Of,1287,The Motley Fool,4,13,1,"['Stocks', 'Investing', 'Invest', 'How to Invest', 'stock picks', 'stock news', 'Stock Market', 'stock market news', 'investing 101', 'dividend stocks', 'stock', 'investor', 'Wall Street', 'investors', 'investing ideas', 'finance', 'business', 'investment plan', 'fool.com', 'The Motley Fool', 'Financials', 'Synchrony Financial', 'credit card business', 'how store credit card work', 'how do credit card companies make money', 'synchrony financial stock']",TD7RHr5ujzk,UCpRQuynBX9Qy9tPrcswpPag,25,2018-10-24T16:27:31.000Z
C000094,KeyCorp CEO: Coiled-Spring Effect | Mad Money | CNBC,1009,CNBC,0,7,0,"['CNBC', 'business news', 'finance', 'news channel', 'news station', 'breaking news', 'us news', 'world news', 'cable', 'cable news', 'finance news', 'money', 'money tips mad money (tv program)', 'Jim Cramer', 'stock advice', 'Jim Cramer interview', 'CEO interview', 'interview', 'mad money interview', 'stock market', 'stock performance', 'market news', 'stock picks', 'keycorp ceo', 'keycorp', 'ceo', 'keycorp ceo coiled spring effect', 'beth mooney', 'beth mooney interview', 'beth mooney ceo', 'beth mooney keycorp']",JaOJeFXsDwY,UCvJJ_dzjViJCoLf5uKUTwoA,25,2017-07-21T15:20:46.000Z
C000095,McKinsey Careers: Life as a business analyst,585471,McKinsey & Company,197,2811,210,"['business', 'leadership']",2C5a2L5NHl0,UCQMqUlg362Hhar_iCZ9tcjQ,25,2013-12-03T17:49:16.000Z
C000096,Interview with a Quant from Two Sigma (My brother),229821,Joma Tech,531,5819,114,"['Interview', 'interview two sigma', 'two sigma', 'quant', 'quantitative finance', 'quantitative researcher', 'citadel', 'david ma', 'joma', 'joma vlog', 'jomatech']",Qd2Kh80ZK6k,UCV0qA-eDDICsRR9rPcnG7tw,22,2018-06-10T23:00:01.000Z
C000097,Interview with Ex-Citadel Quant Turned Rapper (ft. Kaido Kid),162382,Joma Tech,444,3335,135,"['joma', 'vlog', 'interview', 'quant', 'citadel', 'kaido kid', 'quantitative finance', 'two sigma', 'jump trading', 'joma tech', 'interview with a quant', 'rapper']",ivvWyIscEt0,UCV0qA-eDDICsRR9rPcnG7tw,22,2018-08-09T16:00:05.000Z
C000098,15 Things You Didn&#39;t Know About BRIDGEWATER ASSOCIATES,45847,Alux.com,76,852,37,"['Alux', 'Alux.com', 'Alux Youtube', 'luxury living', 'luxury lifestyle', 'luxury homes', 'luxury cars', 'fastest cars', 'alux watches', 'fine living', 'most expensive things in the world', 'new life', 'most expensive', 'extravagant things', 'billionaire lifestyle', 'ray dalio', 'bridgewater associates', 'hedge funds', 'ray dalio net worth', 'bridgewater headquarters', 'bridgewater offices']",Xc3kcMD5F4o,UCNjPtOCvMrKY5eLwr_-7eUg,27,2017-11-02T12:48:44.000Z
C000099,This Is Credit Suisse,54526,Credit Suisse,8,238,12,['credit suisse'],yeVErTlUIFQ,UCZmFGmZ0IzqFSOtrVj8Gh6w,25,2015-03-20T06:34:07.000Z
C0000100,How to buy stocks W/ ETrade,131682,The Investor Show,355,2449,47,"['Stock (Literature Subject)', 'E-Trade (Business Operation)', 'how to', 'buy stocks', 'invest', 'Dave Ramsey (Musical Artist)', 'investing', 'buy stocks with etrade', 'how to find stocks', 'cnn money', 'bloomberg', 'marketwatch', 'wallstreet', 'how to buy stock', 'suga mamma', 'money', 'warren buffet']",1QJHtZAa590,UC62C8xnjBJzUdH4-kftzIvg,22,2014-08-02T17:28:34.000Z
C0000101,Navy Federal Credit Union - Customer Review,5906,Money Recall,13,74,3,"['Navy Federal Creidt Union', 'Navy fed', 'navy federal', 'navy federal bank', 'navy federal go rewards', 'navy federal credit cards', 'navy federal car loan', 'navy federal commercial', 'usaa', 'millitary banks', 'military finance', 'military money saving tips', 'Navy fed customer', 'navy fed customer review', 'navy federal credit union customer review', 'navy federal credit union bank', 'navy federal flagship rewards', 'navy federal app', 'navy federal reviews', 'oclikewhat', 'yt;cc=on']",0of0ldCBnm4,UCQItI-dHaUjWcZmoO-KzoQA,27,2018-09-16T07:09:20.000Z
C0000103,Acuity&#39;s Winning Vision,1944,Acuity Insurance,0,7,0,,V-BUAU8xpDw,UC70Ya2BGcAjFaazJk_Ig5UA,24,2018-03-23T19:24:31.000Z
C0000104,NationalMI 2018,9,Michael Yan,0,0,0,,_adWEFwLgJU,UCqVmFgjZqKJbptTc7sCvyrQ,28,2017-05-08T01:39:15.000Z
C0000105,Raymond James Financial - A Financial Services Story - Microsoft Dynamics CRM,716,InfoGrow,0,1,0,"['Microsoft Dynamics CRM', 'Microsoft Dynamics (Business Operation)', 'Customer Relationship Management (Industry)', 'Software', 'Technology', 'Financial Services (Industry)']",mr1iIwqXh3I,UC3xS3U_vQmJHexJQGHNDKRQ,28,2014-02-11T16:04:01.000Z
C0000106,Avalara CEO: We want to be a part of every internet transaction,285,CNBC Television,2,3,1,"['cnbc', 'business', 'news', 'finance', 'investing', 'technology', 'startup', 'venture', 'disrupt', 'innovation', 'app', 'digital', 'online', 'funding']",TfIH2kjb-Fk,UCrp_UI8XtuYfpiqluWLD7Lw,25,2018-06-15T17:57:48.000Z
C0000107,brightscope overview,65,BrightScope,0,0,0,,eXM4iSEeHls,UCAKXp2kd04ZbCqlZl-3DSPg,22,2016-04-11T21:27:43.000Z
C0000108,"Inside The Deal: Joseph Berkery of Berkery, Noyes &amp; Co. ...",260,TheDealVideo,0,0,0,"['berkery', 'business', 'joseph', 'market', 'middle']",m4QNSwswjnQ,UC82_3893X1tFjxj6U5FoqsA,25,2008-11-25T18:49:31.000Z
C0000109,YFL Kelvin - Nasdaq ( Official Video ),431427,Yfl Kelvin,162,5413,172,"['YFL', '9300', 'Nasdaq']",TE16-o_pRkg,UCjkY25XPG9BVG_yPAuze3CA,10,2018-03-12T20:49:29.000Z
C0000110,CAN Capital and Reliant Funding Discuss Renewable Sources of Working Capital,2077,CAN Capital,0,3,1,"['CAN Capital', 'Capital Access Network', 'small business', 'small business owner', 'small business story', 'business loan', 'small business finance', 'starting a business', 'startup', 'entrepreneur']",gnktAP6SjDI,UCmmzrH-DSvhmyPJMSdZRi4w,22,2015-01-20T23:52:27.000Z
C0000111,HOW TO INCREASE YOUR CREDIT SCORE | I GOT MY EXPERIAN CREDIT SCORE TO 982! | Style With Substance,13910,Style With Substance,[],351,41,"['fashion', 'beauty', 'lifestyle', 'blogger', 'design', 'make up', 'tutorials', 'credit score', 'Experian credit score', 'credit', 'score', 'credit report', 'free credit report', 'experian', 'experian credit', 'check my credit score', 'style with substance', 'experian credit report', 'how can i improve my credit score', 'improve my credit score', 'how to get better credit', 'get better credit', 'improve credit score']",p8hgfJULH8k,UC6q4vEZSMN3O8sIOkkt599Q,27,2018-10-27T09:18:47.000Z
C0000112,[Sub][Image 50] Cardfight!! Vanguard Official Animation - The Day When Vanguard Disappears,51836,CARDFIGHTVanguard,451,1068,16,"['Cardfight!! Vanguard (Game)', 'official', 'cardfight!!', 'vanguard', 'Animation (TV Genre)', 'cardfight vanguard', 'cardfight!! vanguard', 'episode', 'collectible', 'trading', 'card', 'game', 'ccg', 'tcg', 'ocg', 'collectible card game', 'animation', 'anime', 'japan', 'bushiroad', 'cards', 'deck', 'opening', 'pack', 'season', '5th', 'cardfight vanguard g']",Yy65kGhuo3k,UCyaL8QllDEAYiqpFz0tBWog,1,2019-04-20T12:30:03.000Z
C0000113,Significant Figures Made Easy!,1332063,Tyler DeWitt,876,8647,498,"['chemistry', 'physics', 'math', 'rounding', 'accuracy', 'precision', 'digits', 'khan', 'academy', 'lesson', 'help', 'tutorial']",5UjwJ9PIUvE,UCj3EXpr5v35g3peVWnVLoew,27,2008-04-28T02:50:56.000Z
C0000114,SmartAsset: Answers to Financial Questions -- for Free,1126,Fox5NY,1,11,0,"['Startup Company (Website Category)', 'SmartAsset', 'Financial Services (Industry)', 'Finance (Industry)']",oikvuS0S2U8,UCIjSUWHWp6KohfnR5OQTXnQ,25,2015-08-13T00:06:57.000Z
C0000115,AGNC Investment - 12% Dividende - Aktienvorstellung,1349,D wie Dividende,14,48,4,"['reits', 'aktien', 'hohe dividenden', 'dividenden aktien', 'dividenden aristokraten', 'monatliche dividenden', 'reit aktien', 'agnc', 'american capital agency', 'reit']",vq_GLc29NBA,UCRmzyV3wFq2MARTsroMVNzQ,27,2019-03-05T14:04:49.000Z
C0000116,Britt Nicole - Pave,2525970,BrittNicoleVEVO,1534,22166,595,"['Britt', 'Nicole', 'Pave', 'Capitol', 'CMG', 'Label', 'Group', 'Pop']",DU71JOa_810,UCtwUJ9r7NE-tvRdQ1-a49HA,10,2016-12-16T05:59:00.000Z
C0000117,Muqa dancing at Meryll Lynch Diwala Gala,460,muqassirshah,0,0,0,"['Muqa', 'BAX', 'dance', 'bollywood']",LteWtesC1tE,UCEcJ4CO0DItmakInXAe1VTw,24,2008-11-19T02:55:33.000Z
C0000118,How does Lenddo work?,11302,Omidyar Network,1,33,4,"['Lenddo', 'Omidyar Network', 'alternative credit scoring', 'credit scores', 'credit', 'financial inclusion', 'FinTech']",0bEJO4Twgu4,UCJCVxutq2-YeLj6lzDeOWDg,22,2016-06-20T18:04:26.000Z
C0000119,Can T Rowe Price 401k make me rich?,2341,Regular Guy Productions,13,18,5,"['Invest', 'Investing', 'Make me rich', 'T rowe price', 'Robinhood', 'retirement account', 'Dividends', 'Best stocks', 'Best retirement', 'Day Trade', 'Swing trade', 'Mutual funds', 'ETFs', 'Penny Stocks', 'Bitcoin', 'Litecoin', 'Cryptocurrency']",pqojOggVBqI,UCPpSqOzcsxtzPIV4QxOVqrA,26,2018-01-19T03:26:28.000Z
C0000120,Signature Bank of New York Music Video,3870,bigapplefan123456,3,28,2,"['Signature Bank', 'New York New York City']",tUWrlV9HgVU,UCooI1asrAuy2hZx7XEhwqdQ,22,2012-01-12T22:51:17.000Z
C0000121,Many Men Have Gunz (feat. We Were Soldiers) Final Battle Scene (song Sgt.MacKenzie) Tribute to...,3371,Lowescompany Music Productions - Topic,1,52,2,"['Lowescompany', 'Music', 'Productions', 'True', 'Lies', 'Many', 'Men', 'Have', 'Gunz', '(feat.', 'We', 'Were', 'Soldiers)', 'Final', 'Battle', 'Scene', '(song', 'Sgt.MacKenzie)', 'Tribute', 'to', 'Sgt', 'McKenzie']",0X4ZmLAwO6Y,UC5EsN7PEGgvxh92mB2rY1uQ,10,2015-04-17T12:08:23.000Z
C0000122,Earnings Report: Synovus Financial Corp. Reports Higher-Than-Expected Q2 Loss (SNV),169,TradeTheTrend,0,3,0,"['synovus', 'snv', 'Q2', 'smartrend', 'trade', 'the', 'trend', 'stock', 'market', 'news']",zkZF1ze6jTA,UCdMbo3RknL1cwOxnd_cdNUA,25,2010-07-22T21:25:17.000Z
C0000123,How Safe is Franklin Resources&#39; Dividend?,1398,Sure Dividend,10,31,0,"['ben dividend stock', 'dividend aristocrats', 'dividend stocks', 'dividend investing', 'stock market', 'dividend safety analysis', 'dividend payout ratio', 'dividend achievers', 'dividend kings', 'dividend safety', 'free cash flow', 'dividend growth investing', 'ben reynolds', 'nick mccullum', 'sure dividend', 'safe dividend stocks', 'cheap dividend stocks', 'best dividend stocks', 'franklin resources', 'franklin templeton']",chYKr802stg,UCqpB2gkCiCaqGiCV6hB55Nw,22,2018-12-11T18:10:25.000Z
C0000124,Aircastle Limited CEO Ron Wainshal: One Fly Stock | Mad Money | CNBC,857,CNBC,2,1,0,"['CNBC', 'business news', 'finance', 'news channel', 'news station', 'breaking news', 'us news', 'world news', 'cable', 'cable news', 'finance news', 'money', 'money tips mad money (tv program)', 'Jim Cramer', 'stock advice', 'Jim Cramer interview', 'CEO interview', 'interview', 'mad money interview', 'stock market', 'stock performance', 'market news', 'stock picks', 'Mad Money (TV Program)', 'Aircastle Limited (Business Operation)', 'Aircraft Leasing']",vDT6OaTcE2A,UCvJJ_dzjViJCoLf5uKUTwoA,25,2014-12-10T18:39:41.000Z
C0000126,Company Profile: Assurant Inc. (NYSE:AIZ),951,TradeTheTrend,1,6,1,"['Assurant', 'AIZ', 'Stock', 'News', 'Trading']",AHxHc8dWn2U,UCdMbo3RknL1cwOxnd_cdNUA,25,2010-06-28T18:09:42.000Z
C0000127,About CNO Financial Group - March 2018,73,CNO Financial Group,[],0,0,"['CNO Financial Group', 'Bankers Life', 'Colonial Penn', 'Washington National', 'Insurance', 'Retirement', 'Financial Services', 'Careers', 'Carmel', 'Indiana']",E0B7HHxEUrY,UCfoQFsGxAFpyt8mg8kBYLIg,22,2018-03-22T18:42:38.000Z
C0000128,Freddie Mac and Your Mortgage,11551,freddiemac,0,39,4,"['How the Secondary Market Works', 'real estate', 'realtor', 'housing market', 'home buying']",vNPl4CS4nnQ,UCOj4SJrwR4ROI1ySroJ6INQ,1,2016-01-28T18:19:42.000Z
C0000129,Why Fidelity Remains a Private Company,5498,Bloomberg Markets and Finance,17,42,3,['Bloomberg'],X7QR_zfdj8o,UCIALMKvObZNtJ6AmdCLP7Lg,25,2017-09-27T10:31:11.000Z
C0000130,Private Equity Experts Discussion Series @Rotman,619,sorenchristensen1,0,2,0,"['Rotman School of Management', 'private equity', 'Master of Finance']",NYGQoL_d0VM,UCHTK8aUXF4J3hsSt0_afGeg,27,2010-11-12T18:42:48.000Z
C0000131,The Retiring Farmer - Start Planning Your Retirement Today,742,Overtime Studios,0,3,0,"['Gerry Gross', 'Kerry Wiebe', 'Don Tofin', 'The Retiring Farmer', 'Retiring Farmer', 'The Retiring Farmer Group', 'Farming Retirement', 'Saskatchewan', 'farmer', 'Accounting', 'Succession Planning', 'Farming Succession Planning', 'Business Plan', 'Farming Business Plans', 'Investment Planning', 'Investment Plan', 'Estate Planning', 'Estate Plan', 'Portfolio', 'Farming Investments', 'Harvest', 'Auction', 'Selling the Farm', 'Inheriting the family farm', 'The Family Farm']",m-j1PgFs5iQ,UCUyfg8Ht01PSy6gWC3cUkCw,26,2013-09-12T17:45:15.000Z
C0000134,Zaidi ya milioni 12 zaibwa kutoka ATM za Barclays,12815,Kenya CitizenTV,68,74,6,"['Barclays', 'ATM']",kGioYtYDg3I,UChBQgieUidXV1CmDxSdRm3g,25,2019-04-21T16:20:42.000Z
C0000135,The role of the Bank of England - Part 1: Money,66468,Bank of England,[],192,43,"['bank of england', 'roles', 'responsibilities', 'monetary policy', 'financial stability']",dI0MVV5UjKc,UCY70MMJ8Rj4wtwt7bVN6hIA,27,2013-06-27T09:02:41.000Z
C0000137,15 Things You Didn&#39;t Know About HSBC,83083,Alux.com,139,1065,72,"['Alux', 'Alux.com', 'Alux Youtube', 'luxury living', 'luxury lifestyle', 'luxury homes', 'luxury cars', 'fastest cars', 'alux watches', 'fine living', 'most expensive things in the world', 'new life', 'most expensive', 'extravagant things', 'billionaire lifestyle', 'hsbc holdings', 'hsbc bank', 'hsbc advert', 'hsbc golf 2017', 'hsbc news', 'hsbc credit card', 'hsbc commercial', 'hsbc founder', 'hsbc scandal', 'money', 'money laundering', 'hong kong office', 'Jaguar Formula 1', 'Stephen and Stitt', 'habc thailand', 'world war 2']",YBOvQteaAsE,UCNjPtOCvMrKY5eLwr_-7eUg,27,2018-01-11T11:58:08.000Z
C0000138,Noel Edmonds at Lloyds AGM May 24th 2018,80508,Lloyds Victims,376,1003,41,"['Noel Edmonds', 'HBOS Crime', 'HBOS Fraud', 'Lloyds Crime', 'Evil Bankers', 'Lloyds Victims', 'Lloyds Banking Group AGM', 'Lloyds Bank']",lDlCA8Qe9p8,UClvLbHceTM_nGF9dQLruJNQ,22,2018-05-24T17:50:06.000Z
C0000139,TransferWise in detail,100534,CreativeNomad TV,226,1495,55,"['transferwise', 'money transfer', 'currency exchange', 'moneygram', 'international transfer', 'international money transfer', 'xe', 'currencyfair', 'wire transfer', 'bank transfer', 'money remittance', 'transferwise review', 'expat', 'nomad', 'global', 'fees', 'spread', 'rate', 'travel', 'money transfer service', 'money transfer company', 'tutorial']",EWCFao8kcbI,UCboMaeOObINdFufyUF0eeyA,22,2018-03-15T04:07:49.000Z
C0000140,Peer To Peer Lending - Funding Circle Review,1889,Money Unshackled,6,34,0,"['Investing', 'Money Unshackled', 'MoneyUnshackled', 'Funding Circle', 'Peer to peer', 'peer to peer lending', 'peer to peer lending Funding Circle', 'Funding circle UK', 'funding circle uk Review', 'funding circle review', 'P2P Lending review', 'p2p lending uk review', 'peer to peer lending uk review', 'peer to peer lending review', 'zopa review', 'p2p lending', 'peer to peer lending explained', 'peer to peer investing', 'peer to peer investing uk', 'peer to peer lending uk', 'funding circle review 2018']",W4Fl-oWvPFU,UCsK9grupHNsIsSqIAyBBU7w,27,2018-09-17T10:00:03.000Z
C0000141,Conjunto Primavera - Algo De Mi (Video Oficial),33585664,ConjuntoPrimavraVEVO,2707,75350,5594,"['conjunto primavera', 'conjunto primavera vevo', 'vevo', 'vevo music', 'vevo playlist', 'latino', 'musica latina', 'Algo De Mi']",GY_RN80J9Z8,UClAfSxKoD4qxOQ4s3DvoaTA,10,2009-12-24T17:38:58.000Z
C0000142,How does a blockchain work - Simply Explained,2841387,Simply Explained - Savjee,1150,35090,903,"['lesson', 'training', 'basics', 'basic tutorial', 'beginner', 'best practices', 'dummies', 'fundamentals', 'free', 'introduction', 'learn', 'explained', 'simple', 'simply explained', 'blockchain', 'bitcoin', 'satoshi', 'smart contracts', 'security', 'protect', 'notary']",SSo_EIwHSd4,UCnxrdFPXJMeHru_b4Q_vTPQ,28,2017-11-13T20:00:01.000Z
C0000143,Monzo Review Update 2019 - One Year Later!,7225,Stu‚Äôs Reviews,63,133,9,"['Monzo review 2019', 'monzo review', 'monzo review update', 'monzo review uk', 'monzo uk', 'monzo bank', 'monzo card', 'new monzo review', 'stus reviews monzo', 'fintech finance', 'fintech review', 'money gadgets', 'money gadget', 'best bank uk', 'bank of the future', 'money 2020', 'monzo app review', 'monzo', 'monzo bank card', 'monzo bank review', 'monzo card review', 'monzo current account review', 'monzo bank account', 'how to use monzo', 'what is monzo', 'using monzo', 'how does monzo work']",0cFZLQRb-kk,UC__spnljoqvOVYaMTMsSn3g,28,2019-03-29T20:18:30.000Z
C0000144,Yielders - Meet The Yielders Team,179,Yielders Investment,0,1,0,"['Yielders', 'Property', 'Investment', 'Property Investment', 'Crowdfunding', 'Sharia Certified', 'Sharia Investment', 'UK Property Market']",eZtesUAYuJs,UCppwOYTEsQel-lq-sDsktcQ,22,2017-09-04T16:27:08.000Z
C0000145,From ¬£6k to ¬£2bn - MarketInvoice&#39;s key to rapid growth from CEO Anil Stocker,669,11FS,0,12,1,"['MarketInvoice', 'Anil Stocker', 'David Brear', 'fintech', 'innovation', 'business lending']",uqX_vOeWxjQ,UC3eVdgT1EHwIxG5ynO42XXg,22,2018-03-29T15:57:20.000Z
C0000146,Leaders Of Tomorrow | Season 7 | Capital First Ltd. Part 1,12778,ET NOW,[],161,13,"['Business news', 'news today', 'economy', 'economic news', 'money', 'finance', 'financial news', 'times now', 'et now', 'latest news', 'stocks and shares', 'stocks today', 'Investment', 'shares', 'stocks', 'exclusive interview']",akAd6MWUxV0,UCI_mwTKUhicNzFrhm33MzBQ,25,2018-09-05T10:00:26.000Z
C0000150,IFCI LTD !! {Latest update 2018},656,indian stocks technical analysis by Rajasekar,0,3,1,['IFCI LTD !! {Latest update 2018}'],moC49piKYOo,UCC0uZp89jY5Qg0bU_2j8Leg,22,2018-02-08T06:57:07.000Z
C0000151,Weingarten Realty Investors Focuses on Tenant Diversification and Quality of Location,27,Nareit1,0,0,0,"['REIT', 'REITs', 'Nareit', 'commercial real estate', 'CRE', 'real estate investment trusts', 'real estate', 'investment', 'reit.com', 'REITweek', 'Weingarten Realty Investors', 'Drew Alexander']",9qEqduimOC8,UCedqqjlQZQGqyR_a_2c8rMg,25,2018-06-13T15:47:15.000Z
C0000153,PwC&#39;s 20th CEO Survey: Peter Harrison of Schroders plc.,1256,PwC,[],4,0,"['PwC', 'economic growth', 'talent', 'trust', 'digital age', 'globalisation', 'Davos', 'CEO survey', 'digitisation', 'technology', 'Schroders', 'Peter Harrison']",vJkeRPduifw,UCqM8eryZbVt6nCjREYLIRUw,22,2017-01-16T19:06:22.000Z
C0000154,Unpacking Admiral Group PLC,360,CNBCAfrica,0,0,0,"['Talking stocks', 'talkingstocks', 'stocks', 'TALKINGSTOCKS', 'CNBC Africa', 'Southern Africa', 'IG', 'Anchor Capital', 'financial services', 'investment management', 'Bryan Rudd', 'Sean Ashton', 'Admiral Group PLC', 'motor insurance', 'Wales', 'London Stock Exchange']",CBrZVXtooWc,UCsba91UGiQLFOb5DN3Z_AdQ,25,2015-09-09T09:09:36.000Z
C0000155,15 Legal and General   Combining smart data and technological innovation to shape the customer exper,237,BIBAbroker,1,1,0,,ei3dq7pqgYU,UCVY9wVMNOXlJ0IDobGo2aqQ,29,2018-05-31T09:30:55.000Z
C0000156,AViVA - Blackout (lyrics),3200098,MrSuicideSheep,988,58640,903,"['MrSuicideSheep', 'AViVA Blackout', 'AViVA', 'AViVA GRRRLS', 'Dark Pop', 'Emo Pop', 'Blackout', 'Pop', 'Twenty One Pilots', '8 Graves', 'grandson', 'Electronic']",URTi98rJaLY,UC5nc_ZtjKW1htCVZVRxlQAQ,24,2019-01-24T17:30:46.000Z
C0000157,Top 5 Insurance Company 2017,10207,Hits Berry,5,101,12,"['Top 5 Insurance Company 2017', 'Insurance Company', 'insurance', 'car insurance', 'insurance (industry)', 'insurance companies', 'insurance policies', 'life insurance', 'best insurance companies', 'berkshire hathaway', 'top 5', 'vehicle insurance', 'health (industry)', 'auto insurance', 'geico', 'top10', 'top', 'overpaying for insurance', 'financial analysis', 'top five list', 'top five', 'top 5 general insurance', 'financial', 'best companies', 'top companies', 'axa insurance', 'china insurance', 'top insurance companies', 'best']",jL913yflhb0,UCk-NV4JY_yTlCiwWukz4CVg,24,2017-11-26T12:19:19.000Z
C0000158,Das KfW-Programm &quot;Energieeffizient Sanieren&quot;,3018,Bundesministerium f√ºr Wirtschaft und Energie,2,12,1,"['Sanierung', 'Geb√§ude', 'Wohnen', 'Energie', 'Effizienz', 'KfW', 'F√∂rderung', 'Energetisch', 'Heizung', 'Dach', 'Fenster', 'D√§mmung']",WmZjB6Sx-Vw,UCQfBtMOs07bff6CYvSpbECw,25,2018-01-03T13:14:31.000Z
C0000159,Wie gef√§hrlich ist die Deutsche Bank?,148007,ARD,213,967,109,"['Deutsche Bank', 'Firmenzentrale']",fm9ubVU7kHE,UCqmQ1b96-PNH4coqgHTuTlA,25,2017-08-15T07:52:56.000Z
C0000160,Fallout 4 - Weathervane: Commonwealth Bank,115545,LordMatrim,86,484,42,"['game', 'gaming', 'fallout', 'fallout4', 'fallout 4', 'quest', 'railroad', 'tinker', 'tom', 'weathervane', 'Commonwealth', 'Bank', 'Weathervane: Commonwealth Bank']",hi29TOm45Ec,UCwddb8hl_xysTSGW7iiuyEA,20,2015-11-16T03:52:49.000Z
C0000161,AWS re:Invent 2018 - Yuri Misnik from National Australia Bank Shares the Company‚Äôs AWS Migration,1766,Amazon Web Services,3,15,1,"['AWS', 'Amazon Web Services', 'Cloud', 'cloud computing', 'AWS Cloud', 'reinvent 2018', 're:Invent 2018', 'Yuri Misnik', 'National Australia Bank', 'NAB', 'AWS Well-Architected Framework']",MJan8thlcv0,UCd6MoB9NC6uYN2grvUNT-Zg,28,2018-12-04T15:07:49.000Z
C0000162,Dancer - TD Bank | Unexpectedly Human,1027696,TDBankUS,121,695,23,,-c7t1v8EtNo,UCfELJXYUv2bE1f-ohJj-1jQ,29,2019-01-14T14:31:34.000Z
C0000164,"Bajaj Finserv Ltd, Bajaj Finance Limited, Latest Share Market News (Hindi)",463,Stock Market Adda,2,14,1,"['Bajaj Finserv Ltd', 'Bajaj Finance Limited', 'bajaj finserv news', 'bajaj finserv latest news', 'bajaj finserv stock', 'Bajaj Finance stock news', 'Bajaj Finance latest news', 'Bajaj Finance', 'share', 'stock', 'latest share market news', 'share market', 'stock market', 'intraday']",T23iBe491Ys,UCbJ_wWd0dCQCfuKbgPW-Y0Q,27,2019-02-05T09:47:55.000Z
C0000165,YESBANK STOCK ANALYSIS | IBULHSGFIN STOCK ANALYSIS | BPCL STOCK ANALYSIS | SUNTV | RAJESHEXPO,125,Jibanjyoti Panigrahi,3,9,1,"['yesbank stock analysis', 'yesbank news', 'yesbank share analysis', 'yesbank', 'yesbank technical analysis', 'ibulhsgfin', 'ibulhsgfin stock analysis', 'ibulhsgfin share analysis', 'bpcl stock analysis', 'bpcl', 'bpcl share analysis', 'suntv stock analysis', 'suntv stock', 'suntv', 'rajeshexpo stock analysis', 'rajeshexpo stock', 'rajeshexpo', 'jibanjyoti panigrahi', 'jibanjyoti', 'latest stock analysis', 'latest stock news']",sE8_CReHDBg,UCQHJkK8oqjcszmgdnNnL3Kg,27,2019-04-22T17:44:27.000Z
C0000166,Muthoot Finance &amp; Subsidiaries | Consolidated Loan AUM,6030,The Muthoot Group,4,103,9,"['muthoot', 'muthoot group', 'gold loan company', 'financial company']",x3XTs9guMVQ,UCUfz5FIJA2Wd3FSE6SjYqwA,25,2018-10-03T07:32:31.000Z
C0000167,ANZ Banking Group Limited Event - 2/9/2012,1480,RTVMalacanang,0,2,0,"['ANZ', 'Banking', 'Group', 'Limited', 'Event', '2/9/2012']",MD_h51IIDU8,UC46YJ9p0d6MSUXRZFRZrwGQ,25,2012-02-10T08:00:44.000Z
C0000168,Macquarie Group Limited (ASX:MQG),32,KOSEC - Kodari Securities,0,0,0,"['macquarie', 'stocks', 'asx', 'markets', 'stockbroking', 'KOSEC', 'Kodari Securities', 'KOSEC Securities', 'Kodari KOSEC', 'Kodari', 'Kodari Lounge', 'Kodari Education', 'Michael Kodari', 'ASX', 'ASX investing', 'Investing', 'Stock market', 'Value Investing', 'Trading', 'Share investing', 'Shares', 'Wealth management', 'Best stocks', 'Top stocks', 'Australian stocks', 'Chifley tower']",GjQuCUG7eoA,UCKpehpHKxOEqxlmIcNpifgQ,25,2019-01-08T23:25:01.000Z
C0000169,Is Private Health Insurance Really Necessary?,7229,Studio 10,15,26,9,"['Reality', 'Australian show', 'new show', 'studio 10', 'funny', 'fresh', 'subscribe', 'channel ten Hamish McLennan; Ita Buttrose; Network Director of Morning Television', 'Adam Boland']",guNaiL3Y7ow,UCLCUbvRrQnApZldY6CTquTA,24,2016-04-13T04:28:23.000Z
C0000170,2018 Mitsubishi ASX Limited Edition Ryoko - Exterior and Interior - Auto Salon Bratislava 2018,2859,Automobile Classics,0,15,0,"['Mitsubishi ASX Ryoko', 'Mitsubishi ASX Ryoko 2018', '2018 Mitsubishi ASX Ryoko', 'Mitsubishi ASX Limited Edition Ryoko', 'Mitsubishi ASX Limited Edition Ryoko 2018', '2018 Mitsubishi Limited Edition Ryoko', 'Mitsubishi ASX', 'Mitsubishi ASX 2018', '2018 Mitsubishi ASX', 'Mitsubishi Autosalon Bratislava 2018', 'Autosalon Bratislava 2018', 'Auto Salon Bratislava 2018', 'Autosalon Bratislava', 'Auto Salon Bratislava']",wxj2P3xfNVY,UCvjAgLhWuHN0Tt5AryLfHrw,2,2018-05-09T06:00:05.000Z
C0000171,The Royal Bank of Scotland ‚Äì Making banking easier. Watch our new ad here,878,Royal Bank of Scotland,[],12,1,"['Royal Bank', 'royal bank of scotland', 'banking', 'bank']",waZe5mICotY,UCcLvezpiwGL5S0yeH-wS1KQ,26,2019-04-02T13:44:25.000Z
C0000172,StanChart&#39;s Potential $1.5 Billion Fine Fuels Dividend Concerns,611,Bloomberg Markets and Finance,1,8,0,['Bloomberg'],sXgfGkQdMd8,UCIALMKvObZNtJ6AmdCLP7Lg,25,2018-10-02T12:52:45.000Z
C0000173,QUICKENLOANS MORTGAGE LENDER REVIEW,1977,Leonardo Gonzalez,9,39,1,"['real estate', 'finance', 'investing', 'quickenloans', 'quicken loans', 'mortgage', 'lender', 'review', 'interest', 'loan']",dGA-5BTKmRQ,UCFaowt0i_mTHtZS-153yDRA,27,2018-12-29T00:21:27.000Z
C0000174,"The Case for Capital One Financial Compared to Bank of America, Syncrony Financial",65,The Market is Open,1,7,0,"['#COF', 'Capital One Financial', 'BAC', 'Bank Of America', 'Wells Fargo', 'PNC Financial', 'Synchrony Financial']",Bt0KUzU-2_I,UC_MiX28ydqzqEERnt0qzkdg,25,2019-01-23T19:30:00.000Z
C0000175,Bankers Healthcare Group Video Tour,516,Peter Rafalow,0,2,1,"['BHG', 'Notion Pictures', 'Video Tour']",ccQPVjln6rI,UCd1_8N63CtPixQ8G7IhNUyA,22,2014-04-29T14:46:17.000Z
C0000176,Beware of Credit Acceptance,15955,Darryl Barksdale,89,109,51,"['Credit Acceptance', 'Credit Acceptance Corp', 'Scams', 'Loan sharks', 'Dishonest Lenders', 'Subprime Lending', 'credit', 'credit industry', 'Credit acceptance corporation']",hlhoRFbQHQo,UClLrCMRSTp-7N9M6kylQ7Nw,10,2015-09-03T16:48:32.000Z
C0000177,Steps to VA Loan Prequalification from Veterans United Home Loans,31729,Veterans United,3,33,3,"['Veterans United Network', 'VA loan prequalification', 'loan prequalification', 'what is loan prequalification', 'how to get prequalified for a mortgage', 'how to get a VA loan', 'what is prequalification', 'how to start a VA loan', 'how to buy a house', 'VA loan lenders', 'veteran home benefits', 'how VA loans work', 'VA loan foreclosure', 'VA loan bankruptcy', 'VA loans bad credit', 'home loans with low credit', 'Barby Wulff']",7C6-hm73C3w,UC5pSzJiI7-CmgJ9VUXvkr9g,27,2016-09-15T17:32:40.000Z
C0000178,New American Funding vs a Big Bank,88760,New American Funding,2,34,0,"['private mortgage company vs bank', 'new american funding', 'new american funding vs bank', 'new american funding vs big bank', 'private mortgage lenders vs banks', 'should i use a private mortgage lender or a bank', 'pros and cons of a private mortgage lender', 'new american funding private mortgage lender', 'should i use a private mortgage lender', 'is a private mortgage lender or a bank better', 'private mortgage lender or bank', 'new american funding or bank', 'should i get a mortgage through my bank']",gaaHPGuiYv4,UC3OsglK9jXigknWLbSVQzrA,27,2017-03-21T16:53:09.000Z
C0000180,US Bank Online Banking Login | www.usbank.com,18333,Secure Login,0,32,10,,AkSBASHYpE4,UCg1os2LulSx1dBvjvIW3sew,27,2015-07-14T20:12:29.000Z
C0000181,"Joseph MacDougall, Institutional Portfolio Manager, MFS Investment Management",607,desjardinsgroup,0,0,0,['International Equity'],G8JrpUWpfWs,UChoKcVby1ARGHc6v6dOT0uQ,27,2012-10-17T20:03:21.000Z
C0000185,Customer Testimonial: Public Consulting Group,538,Commvault,0,3,0,"['commvault', 'disaster recovery', 'data compliance', 'snapshot management', 'public consulting group']",4r6jVJ7Tqps,UCk9WLLH503hpJUTxqiNhnFw,28,2015-10-21T14:04:48.000Z
C0000186,Tiger Capital Group,32,Tiger Group,0,0,0,,sevz01z5zOA,UC6h7EItjucPhOp4eANQKZLw,22,2018-07-26T14:57:06.000Z
C0000187,Get Artrageous!,105,Montserrat College of Art,1,0,0,,lWHxSGKBJ6A,UC8R8gYQQKVa2p_hn0XVFeqg,22,2014-02-24T23:35:48.000Z
C0000188,The reacHIRE Story,994,reacHIRE,0,2,0,['EmpowerWomen'],gje8cFzuRZA,UC9h64cmkrYNIPhUWR52XJzw,22,2017-07-21T14:08:41.000Z
C0000191,Liberty Mutual Insurance Reviews @ Pissed Consumer Interview,252,Pissed Consumer,8,4,0,"['Liberty Mutual Isurance Reviews', 'Liberty Mutual Isurance Review', 'liberty mutual auto insurance', 'liberty mutual insurance', 'liberty mutual reviews', 'liberty mutual auto claim', 'liberty mutual auto insurance claim', 'pissed consumer reviews', 'pissed consumer interviews', 'liberty mutual customer service', 'liberty mutual complaints', 'liberty mutual coverage', 'liberty mutual car insurance claims', 'liberty mutual auto claims']",RuK7U7l7VC0,UC-10iF5IE81NV20mPR3Y8dg,22,2019-03-05T13:59:13.000Z
C0000192,Forward Financing Company Culture,84,Forward Financing,0,1,0,"['culture', 'Boston', 'FinTech', 'ForwardFinancing', 'people & culture']",#NAME?,UC6KIVFM-t2lAceSPrtMHFfQ,22,2018-10-05T15:05:34.000Z
C0000193,Money for Life‚Ñ¢: Basic needs - SUNLIFE FINANCIAL,53962,Martha Mompreneur ‚Ä¢ Beauty Goals MNL,1,185,13,"['Tutorial', 'Tips', 'Need', 'Life', 'Money (TV Episode)', 'Sun Life Financial (Business Operation)', 'Finance (Industry)']",zaTKcqZphTY,UCzAG9KcgLBxTA99Lw2_RVIw,22,2013-12-13T14:03:30.000Z
C0000194,Duff and Phelps Testimonial,3,NEWCOM,0,1,0,"['NEWCOM', 'Duff and Phelps', 'Customer Testimony']",vikOtwoTgGw,UCQha7shk63UtWnM4haV0duA,22,2019-02-27T15:58:02.000Z
C0000195,FIS CEO Gary Norcross 5.11.17,2059,Roby Brock,0,12,2,,JaTFBheRJCw,UCtfds6byH4TzyS6QwyF0zHA,25,2017-05-11T14:26:41.000Z
C0000196,Symetra Financial,193,DIRECT IMPACT MEDIA,0,0,0,"['Behind the scenes', 'Video Interviews', 'Training Video', ""President's message"", 'Product Promotion', 'Video Tours', 'Video Testimonials', 'Corporate Video', 'Recruiting', 'TV Commercials', 'Video training', 'Webmercials', 'Walk-on Video', 'Tradeshow Video', 'Video Ads', 'Event Coverage', 'Website Video', 'YouTube‚Ñ¢ Videos', 'Corporate Films', 'Fundraising video']",n9CA4c2B-eI,UC_N-iJ_2xZMRZNaKveqWr8Q,1,2012-10-27T22:25:51.000Z
C0000197,Your Life Insurance Sucks!,50093,The Dave Ramsey Show,133,624,35,"['Dave Ramsey explains why Whole Life Insurance Sucks!', 'whole life insurance dave ramsey', 'whole life insurance', 'whole life insurance as an investment', 'whole life insurance pros and cons', 'whole life insurance vs term life insurance', 'whole life insurance explained', 'whole life insurance bad', 'whole life insurance rates', 'whole life insurance policy', 'whole life insurance vs term', 'whole life insurance cash value']",IiB3jbFhd-0,UC7eBNeDW1GQf2NJQ6G6gAxw,22,2017-10-24T14:00:02.000Z
C0000198,Manulife Stories - Zeny Latiza,1757,Smart Financial Planning,0,10,0,,Ale88d_OCdw,UCtszufLu7gCcZTfJnjluTlg,22,2017-01-03T17:54:44.000Z
C0000199,Marques Houston - Circle,22129402,MarquesHoustonVEVO,5057,132926,4196,"['Marques', 'Houston', 'The', 'Ultimate', 'Group/Universal']",0sS4zJNp_10,UCWsziOkax59CA7KBSi4SLsQ,10,2009-10-08T12:01:22.000Z
C0000201,How I made $2000 on Robinhood - RIETs and Cannabis Stocks,65623,Bruce Wannng,322,899,236,"['robinhood default apps', 'How I made $2000 on Robinhood', 'RIETs and Cannabis Stocks', 'robinhood stocks', 'robinhood investing', 'robinhood stock trading', 'how robinhood makes money', 'robinhood app', 'how to invest in the stock market', 'stock market investing', 'financial education', 'robinhood savings account', 'robinhood interest', 'cannabis stocks', 'riets', 'bitcoin', 'robinhood investing for beginners', 'stock market for beginners', 'monthly income', 'how to invest', 'robinhood portfolio']",kxmujZJzn18,UCl0It9cuBpyq7MSvAPQnGWw,24,2019-01-16T03:10:30.000Z
C0000203,International Student Loan: Prodigy finance student loan &amp; MPower finance (Part 1) | Ep #10 (2019),1685,WeMakeScholars,21,31,1,"['Education loan from abroad', 'Foreign education loan', 'Overseas education loan', 'Private banks education loans', 'International lenders', 'International money- lenders', 'Foreign nbfcs', 'Foreign banks', 'Unsecured foreign education loan', 'Foreign education loan without collateral', 'Prodigy Finance loan', 'Prodigy finance student loan', 'MPower finance student loan', 'International education loan', 'International student loan']",YEcdfZ0bh1M,UCiWfw9XSLawu-Ytlh4A_3Hg,27,2019-03-27T05:42:25.000Z
C0000205,SS&amp;C Tech Acquires BenefitsXML; Shares Up Fractionally,63,FinancialNewsOnline,0,0,0,"['SS&C', 'Technology', 'Holdings', 'BenefitsXML', 'Connecticut', 'enterprise', 'software', 'merger', 'acquisition', 'financial', 'news']",#NAME?,UCb0Vk_BudV3WH9MSGM-joDQ,25,2011-03-11T17:07:16.000Z
C0000206,Tempe Campus Expansion ‚Äî Building #2,811,Freedom Financial Network,0,10,1,"['Freedom Financial Network', 'Tempe', 'Arizona', 'Career', 'Jobs']",WpfvxILDAuM,UCOGo_D5cnpnbX0CBxhv1FKg,22,2019-01-15T16:44:10.000Z
C0000207,Coinbase Exchange Tutorial - How To Buy Bitcoin On Coinbase,364397,Immersive Tech TV,1236,3398,173,"['coinbase exchange', 'coinbase', 'coinbase tutorial', 'coinbase review', 'coinbase app', 'coinbase app review', 'coinbase app tutorial', 'coinbase exchange review', 'coinbase exchange tutorial', 'coinbase bitcoin exchange', 'how to use coinbase', 'how to use coinbase app', 'how to use coinbase wallet', 'how to buy bitcoin with coinbase', 'how to buy bitcoin on coinbase', 'buy bitcoin on coinbase', 'buy on coinbase', 'coinbase wallet', 'coinbase bitcoin wallet', 'buying bitcoin on coinbase', 'bitcoin', 'coinbase bitcoin']",dZv6FLX4NRE,UCRMFeUuaHIDVnRInCYc08Kg,1,2017-07-20T01:20:07.000Z
C0000208,CHIME App Review | FREE Online Bank Account | No Overdraft Fees | Early Direct Deposit,14864,FrugalChicLife,181,507,19,"['chime banking', 'chime banking account', 'chime bank review', 'chime banking app', 'free online banking', 'save money', 'savings account', 'FrugalChicLife', 'frugalchiclife', '#frugalchiclife', 'chime app reviews', 'save money fast', 'save money hacks', 'Best online banks', 'Automatic Savings', 'Automatic Savings App', 'Banking App', 'Budgeting App', 'Save More Money', 'Debt Free Living', 'Frugal Living', 'Frugal Chic Life', 'frugal chic life budget excel', 'frugal chic life budget']",VANvCnliPEo,UCyMxCUyA4H60_Rmm1xHXing,22,2018-10-10T12:00:07.000Z
C0000209,Mercer Advisors Brings Added Value to Your Wealth Management,166,SIMZVideo,0,0,0,"['Finance (Industry)', 'Wealth Management', 'finance videos', 'mercer advisors', 'testimonial video', 'corporate video']",sVugZDTovqs,UCV0YoKMl6wkbtYI1PbJXPSA,1,2014-09-10T20:24:35.000Z
C0000210,MPE 2018 - Keynote - Jason Gardner - Marqeta,755,MPE.tv,0,3,0,,YPYefYEDgtM,UCBuIl-Fi0j_APvaoJiKPKoA,27,2018-05-07T12:25:30.000Z
C0000211,SFFD HOSTs Operation  Genesis and the Marine Corps Devil Pups,198,San Francisco Fire Department PIO,1,5,0,['FIREFIGHTERS VOLUNTEER VETERAN POLICE OFFICER SFFD'],LotfhZArxPs,UCtR2BnkejcU2XeWxnNIV-oA,23,2018-07-19T23:08:05.000Z
C0000212,BlackRock - The company that owns the world?,26882,Investigate Europe,40,371,12,['BlackRock'],A4foal20UTA,UCTcr7MRatEPF8uwwVKoGGIg,25,2018-05-10T10:54:36.000Z
C0000213,"Interview: Ohad Samet, CEO - TrueAccord",1057,Around The Coin,1,7,1,,#NAME?,UCZkGbe69WbGtcoatnRo5EjQ,22,2014-10-02T19:56:05.000Z
C0000214,Commercial Real Estate Financing Forecast from Plum Lending,268,The Commercial Real Estate Show - Sponsored by Bull Realty,0,2,0,"['commercial', 'estate', 'real', 'commercial real estate', 'financing', 'plum', 'commercial property (industry)', 'commercial real estate loans', 'real estate', 'michael bull', 'creshow', 'commercial real estate for dummies', 'commercial real estate investing', 'commercial real estate training', 'commercial real estate agent', 'commercial real estate broker', 'commercial real estate brokerage', 'commercial real estate brokers academy', 'commercial real estate broker training']",uF26-RVC-Xo,UCcChkLZLu80reTWxjSh7BUA,27,2017-03-23T13:07:55.000Z
C0000216,Personal Capital Tutorial,18415,The Worth Project,24,217,7,"['personal capital tutorial', 'how to use personal capital', 'personal capital retirement planner', 'How to use the Personal Capital college savings calculator', 'personal capital app review', 'personal capital tutorial 2018', 'personal capital app', 'how to use personal capital to budget', 'how to use personal capital retirement planner', 'how to use personal capital education planner', 'how to use personal capital dashboard', 'how to set up personal capital', 'personal capital review 2018']",kLV3N_58xhg,UCBGZ-FRw8UJqkj_eMV9TGDA,27,2018-03-21T05:38:09.000Z
C0000217,My Lending Club Investment Review (what I did wrong üò≠),115179,Wealth Hacker - Jeff Rose,334,1858,124,"['lending club', 'peer to peer lending', 'lending club review', 'lending club investment', 'how to invest', 'peer to peer', 'how to invest your money', 'where to invest money', 'peer-to-peer lending', 'lending club how it works', 'how lending club works', 'lending club investing', 'investing', 'investment ideas', 'lending club vs prosper', 'lending club strategy', 'lending club scams', 'p2p lending']",zpAi9euMCJE,UCkNgKCu9062P0CPyVoBI5sQ,22,2018-03-23T14:43:20.000Z
C0000218,Xignite,296,CB Insights,0,1,0,,pBAKuJsGvBE,UC96nq-gVV0vy96gfYXfEhmA,28,2017-07-11T16:23:24.000Z
C0000219,Plaid - Maru (Official Audio),7773,Plaid,48,355,1,"['Plaid (Musical Group)', 'plaid', 'Warp (Record Label)', 'warp', 'warp records', 'indie', 'independent record label', 'independent', 'independent label', 'independent music', 'audio', 'music', 'official music', 'andy turner', 'ed handley', 'Polymer', 'Maru', 'Recall', 'IDM', 'Intelligent Dance Music', 'Electronic Music']",mBpVycuV7xM,UCS-j8enQVMxOZLvI9PdBUbg,10,2019-04-18T14:18:13.000Z
C0000220,We are YouLand,3,Youland Inc.,0,0,0,"['youland', 'real estate', 'loans', 'marketing', 'drones', 'silicon valley', 'san francisco']",ljpFlugHTAY,UCO1-LnV6M3IF5HscGCaL_zQ,22,2018-06-28T23:38:04.000Z
C0000221,AB Corporate Recruiting 2017,1515,AB Corporate,0,5,1,"['alliancebernstein', 'recruiting', 'AB', 'Bernstein', 'Campus', 'students', 'graduates', 'associate', 'intern', 'internship', 'jobs']",xBtKhWgt2WU,UCjzcOPQDzrXhxM6OBiJ44ZQ,27,2018-01-17T18:41:24.000Z
C0000222,Wedbush Securities&#39;s Michael Pachter: Netflix Will Need Decades To Get Content Spend Right | CNBC,1141,CNBC,1,4,1,"['Power Lunch', 'CNBC', 'business news', 'finance', 'stock', 'stock market', 'news channel', 'news station', 'breaking news', 'us news', 'world news', 'cable', 'cable news', 'finance news', 'money', 'money tips', 'Wedbush Securities', 'Securities', 'Michael Pachter', 'Pachter', 'Netflix Will Need', 'Need Decades', 'Decades To Get Content', 'Content Spend', 'Spend Right', 'Andy Hargreaves', 'KeyBanc', 'Capital Markets', 'investors need', 'Netflix reports', 'quarterly earnings', 'what investors need to watch']",uPbrN-De3Ek,UCvJJ_dzjViJCoLf5uKUTwoA,25,2017-07-17T23:51:49.000Z
C0000223,INCREDIBLES 2 All Movie Clips + Trailer (2018),24162740,Entertainment Access,3365,58400,10975,"['Incredibles 2', 'Trailer', '2018', 'All Movie Clips', 'All Trailers', 'Compilation', 'The Incredibles', 'Holly Hunter', 'Sarah Vowell', 'Raymond Ochoa', 'Official', 'Movie', 'Film', 'HD', 'Full Movie', 'Entertainment Access', 'Incredibles 2 Trailer', 'Incredibles 2 Movie']",8O3UOUrB0U4,UCA0MDADBWmCFro3SXR5mlSg,24,2018-06-12T17:01:59.000Z
C0000226,Redwood Credit Union: For Our Community,177,RedwoodCU,0,5,0,"['Redwood Credit Union', 'Redwood CU', 'RCU', 'Credit Unions', 'nonprofits', 'community', 'communities', 'North Bay', 'San Francisco', 'Marin', 'Napa', 'Sonoma', 'Santa Rosa']",ZpBK0byBx7s,UCYwXVB8x62xTV2QgWogoT-Q,22,2018-04-17T21:20:05.000Z
C0000227,Compass,8942,Compass,1,20,0,"['ecommerce', 'analytics', 'shopify', 'bigcommerce', 'magento', 'google analytics', 'amazon', 'paypal', 'conversion rate', 'bounce rate', 'benchmarks', 'metrics', 'kpi', 'online shopping', 'ecommerce app']",aLH3nsuancs,UCg57uzEsaVm661d9qcB_pew,28,2017-12-19T14:17:59.000Z
C0000228,Anchorage Vacation Travel Guide | Expedia,97660,Expedia,121,1451,45,"['cvg', 'anchorage', 'alaska', 'seward', 'glacier', 'adventure', 'Anchorage Museum at Rasmuson Center', 'Chugach State Park', 'Tony Knowles Coastal Trail', 'Alyeska Ski Resort', 'Flattop Trail', 'Crow Creek Mine', 'Alaska Native Heritage Center', 'Point Woronzof Park']",#NAME?,UCGaOvAFinZ7BCN_FDmw74fQ,19,2018-10-31T01:41:40.000Z
C0000229,SoFi Review | The TRUTH About SoFi,8297,Jeff Leighton,21,89,2,"['sofi', 'sofi reviews', 'sofi personal loan', 'sofi loans', 'refinance student loans', 'student loan consolidation', 'private student loans', 'p2p lending', 'trisofi', 'sofi mortgage', 'sofi loan review', 'sofi mortgage rates', 'lending club', 'lending club vs prosper', 'so fi', 'lightstream loan']",4k4fbAUBSKw,UCpbxLwLMyyYCljELcL5BhBA,27,2018-09-06T12:46:52.000Z
C0000230,TUTORIAL: How to Transfer Money Overseas using OFX,4082,The Currency Shop,6,52,4,"['OFX', 'OFX Tutorial', 'How to Use OFX', 'International Money Transfers', 'Sending Money Overseas', 'Australia', 'United States', 'Banking', 'Forex', 'Wire Transfer', 'Telegraphic Transfers']",P-ImNe-JyHM,UCGnBRumQwHu7l-lW32kLlZQ,27,2018-03-28T21:00:01.000Z
C0000231,Parallel Advisors - Financial Planning,966,ParallelAdvisors,0,6,0,"['wealth management', 'Registered Investment Advisor (Organization Type)', 'Financial Plan (Literature Subject)', 'Financial Planner (Profession)', 'Investment (Industry)', 'Investment Management (Industry)', 'Investment Company (Organization Type)', 'Financial Services (Industry)', 'Finance (Industry)']",49k0_zLaUL4,UCrBrOSlU5GNq_SpDUhMXodA,27,2014-08-09T00:08:09.000Z
C0000232,FinovateSpring 2018 / Roostify,366,Finovate TV,0,0,0,"['Finovate', 'Fintech', 'Financial Technology', 'Home lending', 'Mortgage', 'Home loans']",8ZMXHX7AXUA,UCIi4K3Gk3hULdetAoPDd-WQ,28,2018-06-04T15:06:39.000Z
C0000233,"OUM &amp; Co. LLP: Meet Doug Pallotta, Partner",355,Accountingfly,0,0,0,,UEQJQhA8txM,UCWurpJwOoYAVvEsDCJneQMQ,27,2016-08-16T16:49:39.000Z
C0000234,The Secrets Of Umpqua Bank&#39;s Success - Ray Davis,1740,TheFinancialBrand,0,8,1,,uv6fWFTHDL4,UCxxtTl3CMNxQE2qT5QPBnIg,27,2017-06-12T14:53:26.000Z
C0000235,EarnUp: #Innovating to Improve Americans&#39; #FinHealth,929,Center for Financial Services Innovation (CFSI),0,3,0,"['finance', 'saving', 'finhealth', 'fintech', 'financial technology']",MNDslW5uvuE,UClBG1PaS7GKmq7ZnRjFLs3w,29,2016-08-01T17:21:36.000Z
C0000237,Armanino Firm Overview,2075,Armanino LLP,0,2,0,,zViqZ8T1Ue0,UCfFIpsY4Ewjuw080m8ZJnIA,27,2018-03-20T15:37:16.000Z
C0000238,"They Found a Frozen Girl, But What Happened Next Shocked Everyone",716408,BRIGHT SIDE,1503,13702,434,"['survival stories', 'extreme situations', 'dangerous situations', 'videos about safety', 'how to save a life', 'survive in the wildness', 'true stories', 'critical situations', 'touching stories', 'moving stories', 'Touching the Void', 'Joe Simpson', 'Roy Sullivan', 'lightning strike', 'Jean Hilliard', 'frozen girl']",zw8op7qNByQ,UC4rlAVgAK0SGk-yTfe48Qpw,22,2019-04-19T03:00:08.000Z
C0000239,The Basics of Small Business Loans with SmartBiz Loans and Bplans.com,4727,Bplans,1,29,2,"['Small Business (Industry)', 'small business loans', 'Loans', 'Startup Company (Website Category)', 'financing', 'Cash Flow (Composition)', 'alternative lenders', 'Credit Score (Literature Subject)', 'Finance (Industry)']",3u4Q_O0vDfA,UCD9C6LibCd-2xNGYvRxMknw,27,2014-06-24T21:52:56.000Z
C0000241,Bolt 2008 Movie   Opening Scenes   Bolt &amp; Penny Best Moments HD,233495,Rachel Travis,89,1287,125,"['despicable me 3', 'despicable me 3 funny moments', 'despicable me 3 minions', 'despicable me 3 2017', 'despicable me 3 best scene', 'Best Funny Moments', 'minions', 'gru', 'dru', 'agnes', '2017', 'HD']",9Vj8RAh17zs,UCi2_GHp7gFApHnyxxTbZSlQ,22,2017-10-18T01:54:38.000Z
C0000242,Towers Watson - Why I Work at Towers Watson!,7559,DanNielsen72,0,26,1,"['Working at Towers Watson', 'Interviewing', 'Interview', 'careers']",zNsAkx4_hdY,UC2Tux4Bnp5-YUhMeiZBE2yA,27,2012-04-25T12:29:06.000Z
C0000243,Credit Sesame Review &amp; Credit Tips!,6922,ChevyLuvsMakeup,322,176,27,"['Credit score', 'credit report', 'free credit score', 'finance', 'money', 'credit cards', 'credit', 'loans', 'debt', 'Credit Sesame', 'personal finance', 'financial advice', 'adulting', 'credit repair', 'bad credit', 'fix credit', 'build credit', 'sesame credit', 'review', 'credit scores', 'empowerment', 'improve credit', 'clean up credit', 'fix', 'low score', 'high score', 'adult 101', 'financial dreams', 'financial control', 'financial wellbeing', 'free', 'rich', 'motivation (quotation subject)', 'empower', 'independence', 'credit card debt']",4fjmqCyCDM4,UCsu6dlNar2xo_8h_7tG6eyA,26,2016-12-09T19:28:46.000Z
C0000244,What is PayPal and How Does it Work?,235566,Angell EYE,244,2169,172,"['paypal', 'payments', 'buyers', 'sellers', 'paypal here', 'what is paypal', 'how does paypal work', 'paypal what is it', 'paypal what it is', 'paypal explained', 'explain paypal', 'paypal for buyers', 'paypal for sellers', 'paypal payments', 'paying with paypal', 'selling with paypal']",7aFqCqqaBZQ,UCfmYsEpGyq9enXyKoj1iL0Q,28,2018-01-20T20:13:40.000Z
C0000245,[My expat x Jade Fiducial] Fiscalit√© et comptabilit√© immobili√®re depuis les Etats-Unis - Webinar #9,192,My expat,0,2,0,"['investir en France', 'investir en france depuis les √©tats-unis', 'investir depuis les √©tats-unis', 'immobilier france', 'fiscalit√© fran√ßaise', 'fiscalit√© depuis les √©tats-unis', 'double imposition', 'irs', 'comptabilit√© immobili√®re', 'investissement locatif', ""investir dans l'immobilier"", 'fatca', 'investir', 'investir usa', ""investir en france depuis l'√©tranger"", 'comment investir en bourse', 'investir en bourse au etats unis', 'investissement', 'expatri√©', 'non-r√©sident', 'fiscalit√© france usa']",IjuArfBq0V0,UCsF6SQH83EM7wI4Z8MCiCsQ,26,2018-09-20T15:17:10.000Z
C0000246,Introduction to Aspiriant featuring Tom Aspire,310,Aspiriant Wealth Management,0,0,0,"['Aspiriant', 'wealth management', 'Independent financial advisor', 'RIA', 'CFP', 'Financial Adviser (Profession)']",ckK3Yt2h1zs,UCgd5b3bchlTVwFm1B_b52EA,1,2012-05-25T18:18:27.000Z
C0000247,Cetera Financial Group and  Financial Services Institute (FSI),481,TheBalancingAct,0,5,0,"['Independent financial advice', 'independent financial advisors', 'financial literacy', 'financial planning', 'financial advisor', 'Cetera', 'Financial Services Institute', 'retirement', 'saving', 'investing', 'The balancing act', 'the balancing act lifetime', 'the balancing act success', 'the balancing act product placement', 'the balancing act Julie Moran', 'the balancing act reality tv', 'the balancing act South Florida', 'branded entertainment', 'Branded Entertainment O2 Media Inc']",O2phltMCxPg,UCrVWNQQ-qfZld6XCG3PGAew,24,2014-08-28T15:22:13.000Z
C0000248,"Das passiert in uns, wenn wir etwas Scharfes essen | Galileo | ProSieben",804410,Galileo,645,6694,275,"['scharfe saucen', 'Galileo', 'Galileo 2015', 'Pro7', 'Aiman Abdallah', 'Aiman Abdala', 'Stefan G√∂dde', 'Prosieben', 'Pro Sieben', 'Wissensmagazin', 'galileo fake check', 'galileo mystery', 'galileo sexualit√§t', 'Galileo big pictures', 'welt der wunder', 'Wissenssendung']",_oRNijRirfY,UC1XrG1M_hw8103zO2x-oivg,24,2015-07-21T16:30:00.000Z
C0000249,Loan Mart Fraud ! Your worst nightmare,471,lola jesica,1,5,2,"['Loanmart', 'fraud']",AH3w-LCvTfs,UCwQUHnxzx-9-LwsaHJ_4qLA,22,2015-03-23T22:47:40.000Z
C0000250,First Quadrant (1/2),1885,network888marketing,10,5,6,['network marketing'],bhqEf3L4kNs,UCkmAwfnEncaJsTywMuNEMTQ,22,2013-12-22T15:18:29.000Z
C0000251,Why The Financial Engines/Edelman Financial Deal Could End The 401(k) Rollover Bonanza,3841,Michael Kitces,6,34,1,"['Kitces', 'Office hours', 'Kitces office hours', 'Financial Engines / Edelman merger', 'Financial Engines Edelman financial deal', 'Edelman financial deal', 'future for Edelman']",3-edYo8LG7E,UCXc_P8cKMbUvHFyDwAtz--Q,22,2018-05-03T16:02:34.000Z
C0000253,Genovese Burford &amp; Brothers: Trusted,913,Genovese Burford & Brothers,0,0,0,,yOJ-PNLeAik,UC8vGSLf2INAj4hvbEZWsT0Q,22,2016-08-17T21:19:59.000Z
C0000254,Wondering What It&#39;s Like To Work At Lockton?,992,LocktonCompanies,0,2,0,"['Lockton', 'Lockton Companies', 'Lockton culture', 'Insurance']",ypDKCx9sA0A,UCZku3s4j5FJSBULMKu1J6hg,22,2016-08-04T13:02:48.000Z
C0000255,Standard Insurance&#39;s Corporate Audiovisual Presentation,3163,STANDARD INSURANCE,3,9,2,,Kwqm2M1ubq0,UCR6LrJk1syooFhxUwOL5tsQ,22,2015-01-13T05:08:31.000Z
C0000257,Lincoln Financial Advisors Promotional Film,155,CorporateFilming / EventFilming,0,2,0,,DLHh-d3xoAk,UCn2pRnyRK-eoPcv5FSC918Q,22,2018-06-29T20:21:42.000Z
C0000258,CCH Axcess‚Ñ¢ Financial Prep,378,Wolters Kluwer Tax & Accounting US,[],1,0,"['Wolters Kluwer', 'Tax and Accounting', 'Audit', 'financial statements', 'business tax returns']",7iWfv2uryro,UCE60kNwW4romvsmlN284tzA,24,2018-12-07T18:40:37.000Z
C0000259,Golden Valley Bank - Connecting Our Community  #3,135,Blue Lab Media,0,0,0,"['golden valley bank', 'commercial', 'bank', 'sony fs7', 'chico ca', 'drone', 'chico heat']",AnX-uWi4MG8,UCMygr0IPbbTaGmyGJRaXMyQ,1,2017-08-15T00:12:28.000Z
C0000260,CentralValleyBank Bruce2014 15SD 072814,0,Shawnee Olson,0,0,0,,qKkTs0h5dUs,UCeSMMiZvduz3PWCD5lCbFgg,22,2016-06-07T18:47:23.000Z
C0000261,Answer Financial - Keeping the Cash from an Insurance Payout,2551,Answer Financial,2,11,1,"['Answer Financial', 'Insurance (Industry)', 'money', 'pocket the money', 'collect insurance', 'crash', 'car crash', 'auto', 'car', 'insurance', 'Accident', 'Cash (Quotation Subject)', 'Credit (Industry)', 'keeping the cash from an insurance payout', 'keep the cash', 'insurance payout', 'car insurance']",nV4CF5MnH_U,UCYrhedDvzLu9cFR13MTwYrA,2,2013-11-18T16:20:46.000Z
C0000262,Mulligan Funding - Who cares about your business?,129,Mulligan Funding LLC,[],0,0,"['Mulligan Funding', 'business funding', 'business loans', 'Small business loans', 'Business financing', 'Business line of credit']",ADwJxE_YaYs,UCbGBWwt5yGD2Pgb_m-gpMRg,27,2018-05-07T15:29:04.000Z
C0000264,Careers at Sunwest Bank,79,Sunwest Bank,[],0,0,"['employee', 'careers', 'Sunwest bank']",vHDbPtcsvYI,UC44lGiIjoQKEoU8rqHdKNig,22,2017-02-01T18:38:41.000Z
C0000267,harmon.ie Testimonial - Frank Rimerman &amp; Co.,832,TeamHarmonie,0,1,0,"['Frank Rimerman', 'Outlook Plugin', 'SharePoint Adoption', 'Enterprise Collaboration', 'Social Email', 'Enterprise 2.0', 'Social Business', 'Outlook Integration', 'SharePoint Integration']",Md7dK0c3O2A,UCvXilnbH-QPOdg3Rr0KyafA,28,2011-02-21T10:40:07.000Z
C0000268,Cedar Financial Harassing You?,208,Sergei Lemberg,0,0,6,"['Cedar Financial', 'Cedar Financial complaints', 'Cedar Financial harassment', 'Cedar Financial debt collection', 'Cedar Financial collection agency', 'Cedar Financial sue', 'Cedar Financial lawyer', 'What is Cedar Financial']",fee0oBU_Tto,UC4FoRhViVqJ0kFL2ob2eAaA,22,2018-08-29T12:33:25.000Z
C0000269,California Bank and Trust Online Banking Login | Sign-in,2284,BankLogin,0,3,0,,J3hn_lP8XrE,UCl2nDcjt97_P-DNakiGfMpw,22,2015-09-01T19:50:58.000Z
C0000271,Five Common Private Equity Fundraising Mistakes,284,Navatar Group,0,2,0,"['private equity fundraising', 'fundraising software', 'salesforce fundraising', 'fundraising crm', 'fundraising hedge fund']",i20QkGuhp6I,UCKTXaAgjP4eRCnWTgQkRXhA,28,2017-02-16T20:21:41.000Z
C0000272,NATIONS LENDING STORY,372,FoxEight Sales,0,1,0,,re5-dOJUrGE,UC9hQEFniTG0Y5wqyINNJ7HQ,1,2012-10-12T15:22:01.000Z
C0000273,Mission Federal Credit Union making waves on the SD real estate scene,6631,SmarterSanDiego,3,21,0,"['Mission Federal Credit Union', 'United States Of America (Country)', 'Real Estate', 'Credit (Industry)', 'san diego', 'segment']",yzClFpg0q74,UCLnlmc4jwZEOevsxbFjf7gA,26,2015-12-14T22:38:04.000Z
C0000274,First Financial Credit Union,245,FOX New Mexico,0,1,0,['none'],0qmylFuGsNM,UCjtW8NX3eNlp88_vpv9kngw,24,2011-03-17T17:12:24.000Z
C0000275,Foothill Credit Union: Who we are.,91,Foothill Credit Union,0,1,0,"['Foothill Credit Union', 'Credit Union', 'San Gabriel Valley', 'Bank (Industry)', 'Banking', 'Auto Loan', 'Mortgage', 'Free Checking', 'Checking', 'Low Fees', 'Mobile Banking', 'Home Banking', 'Money']",uXOysJNicpc,UCMnWMoZd1ouow-tTEzr2HqA,29,2015-06-06T17:08:58.000Z
C0000278,Welcome to loanDepot,9267,loanDepot,3,45,5,,OkDO7LLCvIQ,UCYzcEu_uaP1z8IWaVk8mSmw,22,2017-03-16T18:50:23.000Z
C0000279,Evergreen Home Loans‚Ñ¢ - Our History,380,Evergreen Home Loans Home Office NMLS #3182,0,1,0,,U1P5unG042c,UC5YeNqtpbbm0wY-t_-633DQ,22,2017-04-27T18:33:36.000Z
C0000280,Building a Stage 1 Financial Model - Part 1: Finding documents,423,OpenOilTV,0,6,0,,BTQjtW5CIf0,UCnmfZf8y6Ka54DIp_vuV-Jw,27,2016-07-25T21:33:02.000Z
C0000281,"CBC Federal Credit Union - Easy, Right, Personal...",245411,CBC Federal Credit Union,0,1,0,"['cbc', 'credit union', 'credit union in ventura']",pzBnVzTSBx4,UCczJSXzIAdA19Rb7hyLkDPQ,22,2017-09-14T20:41:52.000Z
C0000282,Eagle Home Mortgage - Real Good Faith Estimate,606,Lance Mohr,0,20,0,"['eagle home mortgage', 'eagle home mortgage reviews', 'eagle home mortgage lenner', 'who is eagle home mortgage', 'eagle home mortgage company', 'eagle home mortgage lennar', 'tampa2enjoy']",nTB7-0wa_ZI,UCPSdEAGnO-yHFGbq9uZNDnw,27,2017-12-22T13:24:04.000Z
C0000283,eCapital Advisors - Introduction,309,eCapital Advisors,0,1,0,,YMLbF138zpY,UCPYXGR0B9L8JVDF9h6JpgKA,28,2016-09-23T15:05:21.000Z
C0000284,Citizens and Northern Bank: Retirement Options,165,Cn Bank,0,1,0,"['Retirement', 'Retire', 'Investment', 'Invest', 'Trust', 'Bank', 'IRA', 'Rollover', 'How', 'to', 'prepare', 'for']",6khiFYK_bhE,UCIoiCNYT7VEb7anQzMgBSoA,22,2014-10-22T11:10:13.000Z
C0000285,Centric Bank - Meeka Fine Jewelry Testimonial,146,CentricBank,0,0,0,"['Centric Bank', 'centric bank', 'Meeka Fine Jewelry', 'Meeka Jewelry', 'Harrisburg', 'Pennsylvania', 'local business banking', 'local business financing', 'small business banking', 'small business financing', 'business banking', 'camp hill', 'hummelstown', 'mechanicsburg']",wX8CM8dLyu8,UCNhKRUimTAsB851JUUDt8yg,25,2018-08-08T15:24:29.000Z
C0000286,"Case Study: Our Ongoing Transition to a Simplified, Data-Driven and Integrated Approach to Talent",1,Executive Platforms,0,0,0,,Tsf6R3l3S2k,UCURgAKPV1wrwOqvPmJPeZ-A,22,2019-03-12T20:34:11.000Z
C0000289,Santander Bank Piggy 2018,1839698,Scott Recchia,351,12219,606,,YmK3c72m5sA,UC9vyBMZ5M6mGtZ4hFCmXsLw,23,2018-03-04T00:19:02.000Z
C0000290,"Company Profile: Comerica, Inc. (NYSE CMA)",157,TradeTheTrend,0,9,0,['Comerica'],UMqLMiiuMkY,UCdMbo3RknL1cwOxnd_cdNUA,25,2010-04-12T20:32:01.000Z
C0000291,Company Profile: Huntington Bancshares (NASDAQ:HBAN),556,TradeTheTrend,0,11,0,"['Huntington', 'Bancshares', 'NASDAQ:HBAN', 'Stock', 'News', 'Trading']",UEJXdXl_hOs,UCdMbo3RknL1cwOxnd_cdNUA,25,2010-04-30T16:56:25.000Z
C0000292,First Horizon National Corp: Forecasting Interest Rates | Mad Money | CNBC,370,CNBC Television,0,0,0,"['CNBC', 'business news', 'finance stock', 'stock market', 'news channel', 'news station', 'breaking news', 'us news', 'world news', 'cable', 'cable news', 'finance news', 'money', 'money tips', 'finance', 'money tips mad money (tv program)', 'Jim Cramer', 'stock advice', 'Jim Cramer interview', 'CEO interview', 'interview', 'mad money interview', 'stock performance', 'market news', 'stock picks']",_Hc4i5XNeOw,UCrp_UI8XtuYfpiqluWLD7Lw,25,2019-04-18T15:52:00.000Z
C0000293,Dividend Experiment Stock of the Month: April --- PacWest Bancorp,141,The Dividend Experiment,15,17,0,"['Pacwest Bancorp stock', 'dividend experiment', 'dividend investing', 'dividend stocks', 'bank stocks', 'dividend paying stocks 2019', 'best dividend stocks 2019', 'uk dividend investing', 'dividend portfolio', 'dividends', 'monthly dividends', 'dividends 2019', 'dividend stocks to buy', 'dividend stocks 2019', 'highest paying dividend stocks', 'top dividend stocks', 'dividend growth stocks 2019', 'dividend stock investing', 'top dividend stocks 2019', 'passive income', 'retire early', 'dividend payments']",xcLvjPalLs4,UCOU3Ex1nCLe7u-wtgO0A5Pg,27,2019-04-21T10:00:06.000Z
C0000294,Cullen/Frost Bankers CEO: Guiding to Sustainability | Mad Money | CNBC,681,CNBC,0,4,0,"['CNBC', 'business news', 'finance', 'news channel', 'news station', 'breaking news', 'us news', 'world news', 'cable', 'cable news', 'finance news', 'money', 'money tips mad money (tv program)', 'Jim Cramer', 'stock advice', 'Jim Cramer interview', 'CEO interview', 'interview', 'mad money interview', 'stock market', 'stock performance', 'market news', 'stock picks', 'cullen frost bankers', 'cullen frost bankers ceo', 'cullen frost bankers mad money', 'banking industry', 'banking stocks', 'cullen frost bankers stocks']",ypnQQWHXgO0,UCvJJ_dzjViJCoLf5uKUTwoA,25,2018-05-02T15:46:30.000Z
C0000295,Ally Financial Ripped my dad off who Overpaid on his 2012 Chevy Impala,325,SherylAnnann Pughpugh,1,0,0,,UXueaqiZaPE,UCO7cMdg6HgFHYBAn72jhbWg,1,2016-09-05T23:02:33.000Z
