Company_Id,videoId,viewCount,commentCount,likeCount,dislikeCount,channelId,tags,publishedAt
C00001,_ObwDOiPcPE,914,0,9,1,UCIALMKvObZNtJ6AmdCLP7Lg,['Bloomberg'],2019-02-21T08:09:07.000Z
C00002,3KzksUUVpS4,2251,5,29,2,UC5deUW7Kadp7x2wHZ48AQRw,"['buffett 2013', '2013 berkshire hathaway', '2013 berkshrie', 'berkshire 2013', '2013 buffett', 'berkshire hathaway 2013', 'munger 2013', '2013 charlie munger', 'charlie munger 2013', '2013 munger', 'Berkshire Hathway', 'Berkshire', 'berkshire hathaway annual meeting', 'Warren Buffett', 'Buffett', 'buffett interest rate', 'Charlie Munger', 'buffett gdp', 'meeting', 'Munger', 'buffett books intrinsic value', 'buffett tax rate', 'charlie', 'warren', 'hathaway', 'annual', 'buffett federal reserve', 'federal reserve', 'fed']",2018-07-19T07:08:19.000Z
C00003,y4luue9VZag,278866,500,3670,359,UCLpcyeOMyhRUifU3cn1AEhQ,"['Students', 'student', 'uk', 'university', 'entrepreneur', 'internship', 'intern', 'insight week', 'goldman sachs', 'jp morgan', 'investment banking', 'investment', 'banking', 'finance', 'careers', 'corporate ladder', 'interviews', 'interview', 'questions', 'advice', 'mentor', 'mentee', 'guidance', 'linkedin', 'youtube', 'viral', 'London', 'how much do investment bankers earn', 'investment banking pay', 'investment banking salary', 'investment banking bonuses', 'investment banking internship', 'a day in the life', 'bonuses and salaries', 'money']",2018-11-14T17:00:09.000Z
C00004,8MsuagRd8pg,11344,74,124,23,UCyxmNJp8tUblosjXWS9k_9Q,"['Citibank', 'Citibank USA', 'Citibank scam', 'Citibank Scandal', 'Citibank fraud', 'Citibank Debit Card', 'Citibank Commercial', 'Citibank Exposed']",2017-06-10T16:19:42.000Z
C00005,8NNk_FW27iQ,79829,748,550,53,UCNZyLULUQBp5e9Q1cKtvk6Q,"['CBS2 News At 11', 'Jessica Layton', 'Local TV', 'LaGuardia Airport', 'Queens', 'Astoria', 'New York']",2018-12-28T04:24:35.000Z
C00006,jz8TJnd3U1U,433,0,1,0,UCxWVnw8--2gWVJ4BF7ILeSw,,2019-03-28T18:37:04.000Z
C00007,lM_lW58wTdY,92,0,2,0,UCYmO1xmdjW-n-IGOBJeaH0A,"['Chris Lagno', 'BNYMELLON', 'Carol Noel', 'novick law', 'don novick', 'Grace Allen', 'samuel Oppenheimer', 'Ludwig Bamberger', 'Russian mafia', 'bank fraud', 'misrepresentation']",2019-01-09T18:50:52.000Z
C00008,dp8PhLsUcFE,3293293,2,11625,1389,UCUMZ7gohGI9HcU9VNsr2FJQ,"['News', 'bloomberg', 'wall street', 'brexit', 'markets', 'finance', 'investing', 'business', 'donald trump', 'livestream', 'president', 'america', 'politics', 'senate', 'congress', 'davos', 'interest rates', 'janet yellen', 'GDP', 'Stock market', 'equities', 'stocks', 'bitcoin', 'cryptocurency', 'federal reserve']",2018-11-06T18:55:47.000Z
C00009,eSXCY2Hhc_s,2139,3,16,1,UCE2606prvXQc_noEqKxVJXA,,2017-11-23T04:32:14.000Z
C00010,wjmIIBvSPfs,840,0,6,0,UCIALMKvObZNtJ6AmdCLP7Lg,['Bloomberg'],2018-09-12T16:28:31.000Z
C000011,S09sYBVo2Es,201699,178,1864,155,UCNjPtOCvMrKY5eLwr_-7eUg,"['Alux', 'Alux.com', 'Alux Youtube', 'luxury living', 'luxury lifestyle', 'luxury homes', 'luxury cars', 'alux watches', 'fine living', 'most expensive things in the world', 'new life', 'most expensive', 'extravagant things', 'billionaire lifestyle', 'tiffany & co.', 'tiffany & co diamonds', 'blue box package', 'tiffany', ""breakfast at tiffany's"", 'tiffany ring', 'tiffany jewelry', 'tiffany engagement', 'necklace', 'commercial', 'unboxing', ""tiffany's review"", 'history', 'documentary', 'luxury brand', ""most expensive tiffany's""]",2017-07-09T16:08:21.000Z
C000012,JxpVNfNHIV8,884,1,0,0,UC8yH-uI81UUtEMDsowQyx1g,"['SABC News', 'actuality', 'world news', 'local news', 'Iraj Abedian', 'Cyril Ramaphosa', ""Moody's""]",2019-03-29T17:40:20.000Z
C000013,vCIWokkuotY,78,1,2,0,UCX3J5LGdWHwp4wqXYulQ2uw,"['complot', 'mundial', 'citigroup', 'capitalismo', 'nuevo orden mundial', 'censura', 'cobardes']",2011-06-27T20:27:52.000Z
C000014,gurZ25EiM2M,66507,[],347,11,UCkwx042y-SOBDbIk6SrMU5g,"['Investment Banking (Industry)', 'Internship (Job Title)', 'Morgan Stanley (Business Operation)', 'career', 'Finance (Industry)']",2015-11-06T11:43:48.000Z
C000015,nOTT0JHgVOs,728,0,2,0,UCG2B6emunc-8ACAChpHv0qQ,,2017-07-24T14:04:19.000Z
C000016,QrVVSoqwnq8,700,0,10,0,UCIALMKvObZNtJ6AmdCLP7Lg,['Bloomberg'],2018-04-02T15:12:29.000Z
C000017,ktSQZP_vYug,3829,0,14,0,UCJLo-ihNo6sVMPvRzGVPRoQ,,2013-10-07T21:48:20.000Z
C000018,5F55aaWWm5Q,489,0,2,0,UCDhqADfY8S2N8BfrffZAc2w,"['nasdaq', 'stock market', 'stocks', 'finance', 'financial', 'trading', 'trader', 'stock']",2019-04-04T14:00:48.000Z
C000019,TjoyJ97rQwk,73890,208,487,29,UCBcVQr-07MH-p9e2kRTdB3A,"['Driving', 'Downtown', 'Main', 'Street', 'St', 'Hartford', 'Connecticut', 'CT', 'USA', 'US', 'America', '4K', 'NRK', 'Slow TV', 'Drivelapse', 'Tour', 'Relax', 'Relaxation', 'Infrastructure', 'Roads', 'J Utah', 'Insurance', 'Wadsworth Atheneum', 'Mark Twain House', 'Aetna', 'Conning & Company', 'Phoenix Companies', 'UnitedHealthcare', 'Steam Boiler', 'Hartford Steam Boiler', 'Travelers', 'Lincoln National', 'Financial Services Group', 'Guide', 'Attractions', 'Walking', 'Things To Do', 'Visit', 'Museum', 'Stage', 'Science Center', 'state', 'capital', 'capitol', 'Bushnell', 'Harriet Beecher Stow', 'xl']",2016-09-27T23:30:00.000Z
C000020,ZjHdsC_5cgc,9417,1,27,5,UCjFf4oKibYrHae2NZ_GPS6g,"['bms', 'bristol-myers squibb', 'bristol myers squibb', 'bmy', 'bristol myers', 'bmy stock', 'csr', 'corporate social responsibility', 'Bristol-Myers Squibb (Business Operation)', 'Health (Industry)', 'Medicine (Field Of Study)']",2015-09-25T19:32:28.000Z
C000021,a96xyti6L2k,200,1,1,0,UCEAZeUIeJs0IjQiqTCdVSIg,"['Yahoo Finance', 'Personal Finance', 'Money', 'Investing', 'Business', 'Savings', 'Investment', 'Stocks', 'Bonds', 'FX', 'Currencies', 'NYSE', 'Equities', 'News', 'Politics', 'Market', 'Markets', 'Market Movers', 'Midday Movers', 'The Final Round', 'MassMutual', 'Roger Crandall', 'Smithsonian', 'government shutdown', 'US economy', 'Davos', 'World Economic Forum']",2019-01-24T15:27:34.000Z
C000022,VRC_NoBZIuU,11366,[],38,4,UChddg9J9S18jJJDbRFY-dZQ,"['UBS', 'Finance', 'Bank', 'Banking', 'Wealth', 'Wealth management', 'careers', 'jobs', 'work', 'culture', 'people', 'client advisor', 'wealth', 'manager', 'relationship manager', 'investment', 'advisor', 'specialist', 'New York', 'Singapore']",2018-09-25T09:25:59.000Z
C000023,ySIUHo8Uv0A,4984,[],31,5,UCtHZ1qs5h4sx9TijVBQCMIA,"['Bank of America', 'BofA', 'BOA', 'Preferred Rewards', 'Rewards program', 'Preferred rewards requirements', 'ARY7XBFK', 'T/D/T ARY7BFK']",2017-09-07T16:53:40.000Z
C000024,46ZgykT2Q00,2461,[],16,2,UC3Qf9sdJmOKPi17WiBr_liA,"['LPL Focus', 'LPL', 'Financial', 'LPL FInancial', 'History', 'Advisor', 'Story', 'Origin', 'Official', 'Linsco', 'Private Ledger', 'About']",2018-04-06T21:03:20.000Z
C000025,qnskwH6Zpfc,54464,51,330,30,UC2nd2XJDCPRY5h2K8QZ8cIQ,"['ZS interview', 'ZS Interview questions', 'ZS interview queries', 'ZS Interview tips', 'Delhi College Of Engineering (College/University) placements', 'case interview', 'case study', 'zs associate', 'ZS Associate Interview', 'how to', 'crack', 'prepare', 'business analyst', 'profile', 'and BA', 'engineering', 'interview for engineers']",2015-07-15T10:07:55.000Z
C000026,9YNP78qCxMM,447,[],2,0,UCSt7w2vc20tirZIJBJYNGwg,"['senior living', 'senior housing', 'seniors living', 'seniors housing', 'senior living technology', 'senior housing technolgy', 'modern senior housing', 'nic talks', 'Bob Hillis', 'Direct Supply']",2017-10-13T14:43:22.000Z
C000027,KbqSDGHIQE0,601,4,17,0,UCNcKBY9zah9hLKyu9-6p8CQ,"['tiaa cref', 'tiaa-cref', 'tiaa cref commercial', 'tiaa cref home', 'tiaa cref log in', 'tiaa cref retirement', 'tiaa cref retirement options', 'tiaa-cref lifecycle index', 'How does tiaa cref work', 'what is tiaa cref', 'tiaa', 'tiaa tax sheltered annuity', 'What is tiaa', 'annuities', 'djh capital', 'dominique henderson', 'retirement', 'youtube cfp']",2018-12-31T15:15:00.000Z
C000028,zJYYsiCmxs4,24050,60,648,75,UCtlAFoYl2aWb6pMiHCctQHA,"['stocks', 'how to trade stocks', 'stock market', 'how to day trade', 'penny stocks', 'top stocks to trade', 'stock trading', 'top stocks', 'penny stocks to trade', 'top stocks to buy', 'stock', 'top penny stocks to buy', 'top stocks to buy in 2018', 'how to trade penny stocks', 'how to swing trade stocks', 'how to trade stocks online', 'december stocks', 'weed stocks', 'ricky gutierrez', 'robinhood app', 'td ameritrade', 'how to grow your account', 'how to profit', 'how to trade on td ameritrade', 'tos', 'robinhood account']",2018-12-19T16:56:39.000Z
C000029,lMfwi8WVox8,0,0,0,0,UCThDMQtlAixvEJmUP1uk7BQ,"[""What it's like to work at Lynden Incorporated"", 'How to get a job at Lynden Incorporated', 'Career at Lynden Incorporated', 'Working at Lynden Incorporated', 'CEO', 'Salary', 'Employees', 'Hiring Process', 'Recruitment Process', 'Interview Questions', 'Employee Reviews', 'Culture', 'Women in Tech', 'Jobs', 'Office', 'Diversity']",2018-10-11T17:17:45.000Z
C000030,sKKDD7dm0Lg,43891,95,561,42,UCEVXhsR6e3D522BHQj9MlLg,"['the credit shifu', 'charles schwab', 'schwab high yeild investor checking', 'schwab one brokerage account', 'charles schwab card', 'schwab credit card', 'amex platinum for charles schwab', 'best brokerage account', 'vanguard', 'buying stocks', 'investing', 'etfs', 'mutual funds', 'how to invest', 'no atm fee card', 'best debit card', 'schwab debit card', 'td ameritrade']",2017-05-15T15:25:41.000Z
C000031,HYahrNPwl3A,302,0,0,0,UCTKRnYeNOK6_ojmaZvLFgkg,"['REALTOR®', 'realtor', 'real estate', 'training', 'tutorial', 'educational', 'business', 'market']",2017-03-17T17:39:49.000Z
C000032,XcfVG7_ADk0,508,0,4,1,UCp6ZoqiDo8bbEXd_tKi8mDg,"['Rabobank', 'career', 'jobs']",2019-02-19T10:40:13.000Z
C000033,qB41rJyu9Z4,28995,170,623,51,UCt_oM56Ui0BCCgi0Yc-Wh3Q,"['crypto', 'bitcoin', 'wells fargo', 'cryptocurrency', 'crypto banks', 'crypto bobby']",2019-02-07T20:33:10.000Z
C000034,mNjzHwNdoS8,25659,22,449,20,UC-925PwPMVZKEN59r7Rbndg,"['capital one platinum', 'capital one', 'capital one platinum mastercard', 'capital one platinum card', 'capital one platinum review', 'credit', 'credit card', 'credit card review', 'no credit', 'visa', 'cash back', 'capital one mastercard', 'capital one platinum credit card', 'capital one platinum credit card review', 'capital one credit card', 'mastercard', 'capital one credit card review', 'capital one card', 'capital one cards', 'capital one credit cards', 'capital one secured card', 'fair credit', 'fico']",2018-06-21T13:00:03.000Z
C000036,4k50w-E6_FM,99,0,0,0,UCTkbWRteofDmfGVKNCgCsKg,,2017-02-13T16:27:51.000Z
C000037,XmUGG5LMzgU,1122,1,18,2,UCIALMKvObZNtJ6AmdCLP7Lg,['Bloomberg'],2018-04-09T13:18:09.000Z
C000038,pXGKvRZ_2qg,1,0,0,0,UCSB1_ReQNDOHVQrHDjr6WYQ,,2016-01-21T17:11:25.000Z
C000039,hX0Kvl3NuOk,4341,0,8,0,UCkxVamKbKdrKKbl7UclUWwA,,2011-10-24T14:14:15.000Z
C000040,7InRV0zndkM,1024,4,20,3,UCrM7B7SL_g1edFOnmj-SDKg,['Bloomberg'],2018-11-14T23:26:08.000Z
C000041,84Zs5ISqKU8,7005,9,99,4,UCW9B1PJwennxYi5Fk_94Lew,,2019-02-16T00:30:00.000Z
C000042,UL9VBvfbE5Y,15041,71,161,13,UCyZNir5FhvazX5L3_Q77UbA,"['Investing', 'start investing', 'investments', 'stock market', 'real estate', 'reits', 'cash', 'wealth', 'dividends', 'portfolio update', 'real estate investing', 'passive income', 'market', 'rich', 'build wealth', 'stocks', 'bonds', 'value stocks', 'dividend growth']",2018-08-20T00:49:32.000Z
C000043,ywehKClWOoc,251,0,1,0,UCIALMKvObZNtJ6AmdCLP7Lg,['Bloomberg'],2018-05-01T13:30:01.000Z
C000044,GlV_QO5B2eU,145462,93,1410,61,UCfzlCWGWYyIQ0aLC5w48gBQ,"['Python', 'Quantopian', 'programming', 'algo', 'algorithmic', 'finance', 'tutorial', 'investing', 'stocks', 'trading', 'data analysis', 'data science', 'market', 'forex', 'Pandas', 'analysis', 'technical analysis', 'futures', 'options']",2017-01-30T17:56:19.000Z
C000045,Z6COiA0N9xI,94,0,5,0,UC_MiX28ydqzqEERnt0qzkdg,"['SEIC', 'SEI Investments', 'ENV', 'Schwab', 'Top Stock Picks']",2019-02-01T18:21:49.000Z
C000046,Ds0XHIyPhZg,4450305,11135,28733,925,UCY7myQe1ef6Ed3fhPBn3aEA,"['Kitchen Nightmares (TV Program)', 'Reality Television (TV Genre)']",2014-11-29T19:59:03.000Z
C000047,Rm0Z7wmv7dM,34706191,[],38675,21992,UC4ODgZPSmUVgpbjT_CVNBpA,"['toys', 'funny', 'colour', 'play', 'fizzy fun toys', 'kids video', 'family', 'kids', 'for children', 'kid', 'nickelodeon', 'toy', 'kids videos', 'friendly', 'kindergarten', 'best', 'playing', 'fun', 'surprise', 'children', 'for kids', 'fizzy']",2017-01-05T21:35:14.000Z
C000048,xYGffSCyHIw,95,0,0,0,UCR7m9Qy6DKWkqwEP_r4cQ6A,,2017-02-03T19:48:58.000Z
C000049,5WjNkdjxb5k,132072,581,1334,140,UCDSZ3ysVjBKT3d3VYuBzQ-Q,"['postmates', 'postmates review', 'postmates delivery', 'postmates driver', 'postmates delivery review', 'postmates driver review', 'postmates delivery driver', 'a day in the life', 'postmates earnings', 'postmates tips', 'postmates fleet', 'postmates delivery driver reviews', 'postmates delivery driver tips', 'review on postmates', 'how to be a postmate']",2018-10-05T16:58:55.000Z
C000051,Kco17yQYvLA,1249,38,232,0,UC9jKcnqQ1TziJRAkSXbNISA,"['PHILIPPINES TOURIST VISA', 'HOW TO EXTEND YOUR VISA', 'PHILIPPINES VISA EXTENSION', 'philippines tourist visa extension', 'philippines vlog', 'manila philippines', 'travel tips and hacks', 'FILIPINO', 'the Philippines', 'philippines 2019', 'making it juicy', 'the juicy vlog', 'travel vlog', 'philippines travel vlog', 'filipino vlog']",2019-04-22T15:09:41.000Z
C000052,LoxeQZs28o4,36762,31,98,11,UCn1pOpcTwG_s4p2uoRTsVsA,"['Hospital Pharmacy', 'Distribution Center', 'Pharmacy', 'Health', 'Hospital', 'McKesson Corporation (Business Operation)']",2014-03-15T05:05:36.000Z
C000053,LVkFqpLOcxc,4393,3,11,4,UCky2PWQvQu9S1FDLLrsvA6g,['youtube'],2017-09-29T19:09:16.000Z
C000054,Cf7lSsh11RQ,3224,0,13,0,UCNZxLVlsJtF6c00EDjlGX-g,"['GATX', 'TANK CAR', 'EPOXY TOPCOAT', 'INDUSTRIAL PAINT', 'TRAIN PAINT', 'Impron HG', 'Imron HG 2.1', 'Train (Transit Vehicle Type)', 'Tank Locomotive (Transit Service Type)', 'Industrial Topcoat', 'PPG Amerlock 2', 'Macropoxy']",2015-03-24T02:55:02.000Z
C000055,LyjdvKC0gus,5394,[],20,3,UCd-EFUNy8dc5p2NiKH0V2Og,"['BMO', 'Bank', 'Smart Branch', 'Business Connection', 'NCTV17', 'Naperville']",2016-04-13T15:47:26.000Z
C000056,kZFCa13PqGQ,357,0,0,0,UCyN8-AstDhOoFTYdxLLRZzQ,"['William Blair & Company (Organization)', 'Investor (Profession)']",2014-06-02T18:46:30.000Z
C000057,BG5-qTg1A4U,914,0,13,0,UCQAvjhqp559qSQx2dcg9WVg,"['stock market', 'options trading', 'options trader', 'stock charts', 'option strategies', 'stock trading', 'trading', 'put option', 'call option', 'online trading']",2018-06-14T16:25:06.000Z
C000058,Ue-72YuFIfk,827,0,2,0,UCdBFeZNrlmqnKxAlaEksleg,"['Jim', 'Tyree']",2009-10-21T13:48:17.000Z
C000059,F9G1L2dr5LY,4924,3,61,1,UCW9B1PJwennxYi5Fk_94Lew,,2018-12-08T00:30:00.000Z
C000061,4f_81sEPLNM,30244,21,459,9,UC4darBo4jXDLs3bt-72xvNg,"['PWC interview', 'interview questions and answers', 'Big 4 interview', 'pWC', 'PricewaterhouseCoopers']",2018-08-12T15:30:42.000Z
C000062,FTkOW8QdDFE,1563,0,3,0,UCyadM0y2zma5bGWE5J2ZXfg,['4667531064001'],2015-12-18T21:27:31.000Z
C000064,ZksMw2vkHw8,187,0,1,0,UCsWsf7isBYf-b0cKaOBuOYQ,,2016-05-04T11:05:00.000Z
C000065,UFZUUC-wsFQ,25587,[],87,15,UCqa89Iv9OVbhXUl1UICQ6rw,"['CIBC', 'CIBC online banking', 'CIBC banking app', 'CIBC mobile', 'Banking', 'Business', 'Innovation', 'Technology', 'How to', 'Transfers', 'Interac eTransfers', 'eDeposit', 'Bill Payments', 'alerts', 'register', 'manage accounts', 'book a meeting', 'mobile payments']",2017-01-03T16:59:32.000Z
C000066,xvlRmzWFrVI,2273,4,14,0,UCP2gdh7HfjgCoi8lO50dA5w,"['Journalism Franchise', 'Fortune', 'business', 'wall street', 'finance', 'voya', 'voya financial', 'rodney martin', 'returement']",2017-04-20T22:00:06.000Z
C000067,yaOrREwzzts,93,0,0,0,UCr3GAs9r2HHtrI4pso-DfKg,"['Ameriprise Financial (Business Operation)', 'National Day of Service']",2013-12-31T21:57:37.000Z
C000068,4nIl4xi6uOs,17,0,0,0,UC-g153QOikrYMnjzjvelbdA,"['HCP Grauwild', 'Recruiting Film', 'Imagefilm', 'Filmproduktion', 'Grauwild', 'Werbeagentur']",2019-01-28T13:55:49.000Z
C000069,Y0gIBzhuIrY,13030,28,71,10,UCZuhCKhUmtpdoHJPdpXzgDA,"['The', '4th', 'Hr', '»', 'Truth', 'About', 'Progressive', 'Insurance']",2012-08-15T15:59:55.000Z
C000071,L0MFez-rFNA,683,0,5,0,UCV39C4HdyEOphc_FVOiwRbQ,,2017-11-29T20:37:22.000Z
C000073,vUt1aaLxLuY,306777,69,962,75,UCTDkxYOT0uVf9hSyExMASJQ,"['KPMG', 'Big 4', 'accounting', 'tax', 'audit', 'advisory', 'careers', 'pwc', 'deloitte', 'Ernst & Young (Organization)']",2013-09-04T18:23:25.000Z
C000074,MDOW6UkosGY,1945,36,25,4,UCQItI-dHaUjWcZmoO-KzoQA,"['USAA', 'usaa customer review', 'customer review', 'navy fed', 'navey federal', 'military loans', 'military banks', 'military insurance', 'banks', 'military homeowner insurance', 'armed forces', 'military home mortgages', 'military', 'us military', 'army', 'navy', 'us army', 'marines']",2018-10-15T11:14:18.000Z
C000075,ddJHU7aeU1M,49719,180,757,19,UCEVXhsR6e3D522BHQj9MlLg,"['the credit shifu', 'credit card', 'credit score', 'american express charge card', 'amex charge card', 'american express', 'charge card', 'amex gold card', 'amex rose gold', 'amex platinum', 'amex platinum review', 'amex metal rose gold card', 'amex metal card', 'amex gold metal', 'amex green', 'amex green card unboxing', 'american express platinum', 'centurion lounge', 'amex card benefits', 'amex rose gold card', 'new amex gold card', 'new amex gold card review']",2018-10-14T15:45:16.000Z
C000076,JIrhcOIYfA8,1277731,281,7172,312,UCwh_GEK2xL8COQwcgP5Xvjg,"[""ZZ Top (Musical Group) I'm Bad"", ""I'm Nationwide""]",2014-04-04T11:02:22.000Z
C000077,tg5FYZfJKbM,2415,0,4,0,UCg2rexusra_Jz4Gqy2EbWmg,"['retirement', 'Insurance', 'life insurance', 'financial security', 'pensions']",2016-09-30T09:50:01.000Z
C000078,RLO1pU76Z2A,1020,20,33,5,UCRmzyV3wFq2MARTsroMVNzQ,"['dividende', 'hohe dividende', 'monatliche dividende', 'ares capital', 'dividenden aktien', 'aktien', 'böerse', 'dividendenadel', 'dividendenaristokraten']",2019-02-02T19:24:39.000Z
C000079,Uz5vtnnPSlo,169010,35,1372,71,UCDmwB9wWtfeXQ8zRVkltPiQ,"['yo gotti', 'allstate', 'the return of cocaine muzik', 'yogottiVEVO']",2015-08-06T23:49:38.000Z
C000080,VgyGdsXJBaM,186,0,0,0,UCwogq7xkqybiwqf3e8Kh-wA,"['IUP', 'Indiana University of Pennsylvania', 'PNC', 'cyber security', 'pittsburgh', 'alumni', 'computer science', 'Josh Waibel']",2017-10-23T15:15:43.000Z
C000082,pdWzmYvV1Qs,22,0,1,0,UCV3KGqLw40xHCulIXmhIedw,"['#trading', '#investing', '#thetrendisyourfriend', '#IWM', '#dividendstock', '#valuestock', '#$IWM', '#learn to trade #learn to read a stock chart', '$CINF', '#CINF']",2019-01-29T15:00:16.000Z
C000083,Zzk7Buo6IrU,48,0,0,0,UCqE1jUB9Zu4WvWsPBnsKg8w,['Axis Capital Holdings Limited graded A+ by Various Financial Analysts'],2015-02-09T04:00:24.000Z
C000084,vhnGXsI8Et8,1458,0,6,0,UCzAWI2DZiTrLqBKThIvtlLw,"['cyber insurance', 'cybersecurity', 'cyber', 'ondemand']",2018-10-29T16:30:56.000Z
C000085,mEIVsyCR3J4,17,0,0,0,UCHlHd21wJ283rWb_WDMFQXQ,"['WordPress', 'Local WordPress Meetups', 'Tampa Bay WordPress', 'Google Analytics', 'Social Media']",2019-04-20T03:16:04.000Z
C000088,QU8VI54B8bc,1689,1,10,0,UCrp_UI8XtuYfpiqluWLD7Lw,"['CNBC', 'business news', 'finance stock', 'stock market', 'news channel', 'news station', 'breaking news', 'us news', 'world news', 'cable', 'cable news', 'finance news', 'money', 'money tips', 'finance', 'money tips mad money (tv program)', 'Jim Cramer', 'stock advice', 'Jim Cramer interview', 'CEO interview', 'interview', 'mad money interview', 'stock performance', 'market news', 'stock picks']",2018-07-31T14:52:30.000Z
C000089,YeufKd4Wlwk,7141,0,13,2,UCGEU5Xa_5HKMb6gEFfGYdTw,"['jason', 'hall', 'john', 'behlmann', 'roman', 'bodnar', 'sean', 'tice', 'cme', 'group', 'inc', 'merc', 'chicago', 'mercantile', 'exchange', 'nymex', 'new', 'york', 'saturday']",2008-01-05T06:58:25.000Z
C000090,SwdwMxLzPCQ,15,0,0,0,UCIrA9IiXBMQ1v4SOMUv13wA,"['S&P Global Inc (SPGI) Holdings Boosted by Highland Capital Management LLC', 'S&P Global Inc', 'SPGI', 'Highland Capital Management LLC']",2018-02-05T16:50:04.000Z
C000091,TafaxhIXycE,2437,7,51,3,UCmh7afBz-uWwOSSNTqUBAhg,"['Forbes', 'Forbes Media', 'Forbes Magazine', 'Forbes Digital', 'Business', 'Finance', 'Entrepreneurship', 'Technology', 'Investing', 'Personal Finance', 'suntrust bank', '2018', 'cannes', 'susan johnson', 'chief marketing officer', 'cmo']",2018-09-27T13:00:04.000Z
C000092,uKg8Z8rAI2c,472,0,3,0,UCNOeIMewd-UX51lEy1iTQiA,,2018-06-08T19:16:27.000Z
C000093,TD7RHr5ujzk,1287,4,13,1,UCpRQuynBX9Qy9tPrcswpPag,"['Stocks', 'Investing', 'Invest', 'How to Invest', 'stock picks', 'stock news', 'Stock Market', 'stock market news', 'investing 101', 'dividend stocks', 'stock', 'investor', 'Wall Street', 'investors', 'investing ideas', 'finance', 'business', 'investment plan', 'fool.com', 'The Motley Fool', 'Financials', 'Synchrony Financial', 'credit card business', 'how store credit card work', 'how do credit card companies make money', 'synchrony financial stock']",2018-10-24T16:27:31.000Z
C000094,JaOJeFXsDwY,1009,0,7,0,UCvJJ_dzjViJCoLf5uKUTwoA,"['CNBC', 'business news', 'finance', 'news channel', 'news station', 'breaking news', 'us news', 'world news', 'cable', 'cable news', 'finance news', 'money', 'money tips mad money (tv program)', 'Jim Cramer', 'stock advice', 'Jim Cramer interview', 'CEO interview', 'interview', 'mad money interview', 'stock market', 'stock performance', 'market news', 'stock picks', 'keycorp ceo', 'keycorp', 'ceo', 'keycorp ceo coiled spring effect', 'beth mooney', 'beth mooney interview', 'beth mooney ceo', 'beth mooney keycorp']",2017-07-21T15:20:46.000Z
C000095,2C5a2L5NHl0,585471,197,2811,210,UCQMqUlg362Hhar_iCZ9tcjQ,"['business', 'leadership']",2013-12-03T17:49:16.000Z
C000096,Qd2Kh80ZK6k,229821,531,5819,114,UCV0qA-eDDICsRR9rPcnG7tw,"['Interview', 'interview two sigma', 'two sigma', 'quant', 'quantitative finance', 'quantitative researcher', 'citadel', 'david ma', 'joma', 'joma vlog', 'jomatech']",2018-06-10T23:00:01.000Z
C000097,ivvWyIscEt0,162382,444,3335,135,UCV0qA-eDDICsRR9rPcnG7tw,"['joma', 'vlog', 'interview', 'quant', 'citadel', 'kaido kid', 'quantitative finance', 'two sigma', 'jump trading', 'joma tech', 'interview with a quant', 'rapper']",2018-08-09T16:00:05.000Z
C000098,Xc3kcMD5F4o,45847,76,852,37,UCNjPtOCvMrKY5eLwr_-7eUg,"['Alux', 'Alux.com', 'Alux Youtube', 'luxury living', 'luxury lifestyle', 'luxury homes', 'luxury cars', 'fastest cars', 'alux watches', 'fine living', 'most expensive things in the world', 'new life', 'most expensive', 'extravagant things', 'billionaire lifestyle', 'ray dalio', 'bridgewater associates', 'hedge funds', 'ray dalio net worth', 'bridgewater headquarters', 'bridgewater offices']",2017-11-02T12:48:44.000Z
C000099,yeVErTlUIFQ,54526,8,238,12,UCZmFGmZ0IzqFSOtrVj8Gh6w,['credit suisse'],2015-03-20T06:34:07.000Z
C0000100,1QJHtZAa590,131682,355,2449,47,UC62C8xnjBJzUdH4-kftzIvg,"['Stock (Literature Subject)', 'E-Trade (Business Operation)', 'how to', 'buy stocks', 'invest', 'Dave Ramsey (Musical Artist)', 'investing', 'buy stocks with etrade', 'how to find stocks', 'cnn money', 'bloomberg', 'marketwatch', 'wallstreet', 'how to buy stock', 'suga mamma', 'money', 'warren buffet']",2014-08-02T17:28:34.000Z
C0000101,0of0ldCBnm4,5906,13,74,3,UCQItI-dHaUjWcZmoO-KzoQA,"['Navy Federal Creidt Union', 'Navy fed', 'navy federal', 'navy federal bank', 'navy federal go rewards', 'navy federal credit cards', 'navy federal car loan', 'navy federal commercial', 'usaa', 'millitary banks', 'military finance', 'military money saving tips', 'Navy fed customer', 'navy fed customer review', 'navy federal credit union customer review', 'navy federal credit union bank', 'navy federal flagship rewards', 'navy federal app', 'navy federal reviews', 'oclikewhat', 'yt;cc=on']",2018-09-16T07:09:20.000Z
C0000103,V-BUAU8xpDw,1944,0,7,0,UC70Ya2BGcAjFaazJk_Ig5UA,,2018-03-23T19:24:31.000Z
C0000104,_adWEFwLgJU,9,0,0,0,UCqVmFgjZqKJbptTc7sCvyrQ,,2017-05-08T01:39:15.000Z
C0000105,mr1iIwqXh3I,716,0,1,0,UC3xS3U_vQmJHexJQGHNDKRQ,"['Microsoft Dynamics CRM', 'Microsoft Dynamics (Business Operation)', 'Customer Relationship Management (Industry)', 'Software', 'Technology', 'Financial Services (Industry)']",2014-02-11T16:04:01.000Z
C0000106,TfIH2kjb-Fk,285,2,3,1,UCrp_UI8XtuYfpiqluWLD7Lw,"['cnbc', 'business', 'news', 'finance', 'investing', 'technology', 'startup', 'venture', 'disrupt', 'innovation', 'app', 'digital', 'online', 'funding']",2018-06-15T17:57:48.000Z
C0000107,eXM4iSEeHls,65,0,0,0,UCAKXp2kd04ZbCqlZl-3DSPg,,2016-04-11T21:27:43.000Z
C0000108,m4QNSwswjnQ,260,0,0,0,UC82_3893X1tFjxj6U5FoqsA,"['berkery', 'business', 'joseph', 'market', 'middle']",2008-11-25T18:49:31.000Z
C0000109,TE16-o_pRkg,431427,162,5413,172,UCjkY25XPG9BVG_yPAuze3CA,"['YFL', '9300', 'Nasdaq']",2018-03-12T20:49:29.000Z
C0000110,gnktAP6SjDI,2077,0,3,1,UCmmzrH-DSvhmyPJMSdZRi4w,"['CAN Capital', 'Capital Access Network', 'small business', 'small business owner', 'small business story', 'business loan', 'small business finance', 'starting a business', 'startup', 'entrepreneur']",2015-01-20T23:52:27.000Z
C0000111,p8hgfJULH8k,13910,[],351,41,UC6q4vEZSMN3O8sIOkkt599Q,"['fashion', 'beauty', 'lifestyle', 'blogger', 'design', 'make up', 'tutorials', 'credit score', 'Experian credit score', 'credit', 'score', 'credit report', 'free credit report', 'experian', 'experian credit', 'check my credit score', 'style with substance', 'experian credit report', 'how can i improve my credit score', 'improve my credit score', 'how to get better credit', 'get better credit', 'improve credit score']",2018-10-27T09:18:47.000Z
C0000112,Yy65kGhuo3k,51836,451,1068,16,UCyaL8QllDEAYiqpFz0tBWog,"['Cardfight!! Vanguard (Game)', 'official', 'cardfight!!', 'vanguard', 'Animation (TV Genre)', 'cardfight vanguard', 'cardfight!! vanguard', 'episode', 'collectible', 'trading', 'card', 'game', 'ccg', 'tcg', 'ocg', 'collectible card game', 'animation', 'anime', 'japan', 'bushiroad', 'cards', 'deck', 'opening', 'pack', 'season', '5th', 'cardfight vanguard g']",2019-04-20T12:30:03.000Z
C0000113,5UjwJ9PIUvE,1332063,876,8647,498,UCj3EXpr5v35g3peVWnVLoew,"['chemistry', 'physics', 'math', 'rounding', 'accuracy', 'precision', 'digits', 'khan', 'academy', 'lesson', 'help', 'tutorial']",2008-04-28T02:50:56.000Z
C0000114,oikvuS0S2U8,1126,1,11,0,UCIjSUWHWp6KohfnR5OQTXnQ,"['Startup Company (Website Category)', 'SmartAsset', 'Financial Services (Industry)', 'Finance (Industry)']",2015-08-13T00:06:57.000Z
C0000115,vq_GLc29NBA,1349,14,48,4,UCRmzyV3wFq2MARTsroMVNzQ,"['reits', 'aktien', 'hohe dividenden', 'dividenden aktien', 'dividenden aristokraten', 'monatliche dividenden', 'reit aktien', 'agnc', 'american capital agency', 'reit']",2019-03-05T14:04:49.000Z
C0000116,DU71JOa_810,2525970,1534,22166,595,UCtwUJ9r7NE-tvRdQ1-a49HA,"['Britt', 'Nicole', 'Pave', 'Capitol', 'CMG', 'Label', 'Group', 'Pop']",2016-12-16T05:59:00.000Z
C0000117,LteWtesC1tE,460,0,0,0,UCEcJ4CO0DItmakInXAe1VTw,"['Muqa', 'BAX', 'dance', 'bollywood']",2008-11-19T02:55:33.000Z
C0000118,0bEJO4Twgu4,11302,1,33,4,UCJCVxutq2-YeLj6lzDeOWDg,"['Lenddo', 'Omidyar Network', 'alternative credit scoring', 'credit scores', 'credit', 'financial inclusion', 'FinTech']",2016-06-20T18:04:26.000Z
C0000119,pqojOggVBqI,2341,13,18,5,UCPpSqOzcsxtzPIV4QxOVqrA,"['Invest', 'Investing', 'Make me rich', 'T rowe price', 'Robinhood', 'retirement account', 'Dividends', 'Best stocks', 'Best retirement', 'Day Trade', 'Swing trade', 'Mutual funds', 'ETFs', 'Penny Stocks', 'Bitcoin', 'Litecoin', 'Cryptocurrency']",2018-01-19T03:26:28.000Z
C0000120,tUWrlV9HgVU,3870,3,28,2,UCooI1asrAuy2hZx7XEhwqdQ,"['Signature Bank', 'New York New York City']",2012-01-12T22:51:17.000Z
C0000121,0X4ZmLAwO6Y,3371,1,52,2,UC5EsN7PEGgvxh92mB2rY1uQ,"['Lowescompany', 'Music', 'Productions', 'True', 'Lies', 'Many', 'Men', 'Have', 'Gunz', '(feat.', 'We', 'Were', 'Soldiers)', 'Final', 'Battle', 'Scene', '(song', 'Sgt.MacKenzie)', 'Tribute', 'to', 'Sgt', 'McKenzie']",2015-04-17T12:08:23.000Z
C0000122,zkZF1ze6jTA,169,0,3,0,UCdMbo3RknL1cwOxnd_cdNUA,"['synovus', 'snv', 'Q2', 'smartrend', 'trade', 'the', 'trend', 'stock', 'market', 'news']",2010-07-22T21:25:17.000Z
C0000123,chYKr802stg,1398,10,31,0,UCqpB2gkCiCaqGiCV6hB55Nw,"['ben dividend stock', 'dividend aristocrats', 'dividend stocks', 'dividend investing', 'stock market', 'dividend safety analysis', 'dividend payout ratio', 'dividend achievers', 'dividend kings', 'dividend safety', 'free cash flow', 'dividend growth investing', 'ben reynolds', 'nick mccullum', 'sure dividend', 'safe dividend stocks', 'cheap dividend stocks', 'best dividend stocks', 'franklin resources', 'franklin templeton']",2018-12-11T18:10:25.000Z
C0000124,vDT6OaTcE2A,857,2,1,0,UCvJJ_dzjViJCoLf5uKUTwoA,"['CNBC', 'business news', 'finance', 'news channel', 'news station', 'breaking news', 'us news', 'world news', 'cable', 'cable news', 'finance news', 'money', 'money tips mad money (tv program)', 'Jim Cramer', 'stock advice', 'Jim Cramer interview', 'CEO interview', 'interview', 'mad money interview', 'stock market', 'stock performance', 'market news', 'stock picks', 'Mad Money (TV Program)', 'Aircastle Limited (Business Operation)', 'Aircraft Leasing']",2014-12-10T18:39:41.000Z
C0000126,AHxHc8dWn2U,951,1,6,1,UCdMbo3RknL1cwOxnd_cdNUA,"['Assurant', 'AIZ', 'Stock', 'News', 'Trading']",2010-06-28T18:09:42.000Z
C0000127,E0B7HHxEUrY,73,[],0,0,UCfoQFsGxAFpyt8mg8kBYLIg,"['CNO Financial Group', 'Bankers Life', 'Colonial Penn', 'Washington National', 'Insurance', 'Retirement', 'Financial Services', 'Careers', 'Carmel', 'Indiana']",2018-03-22T18:42:38.000Z
C0000128,vNPl4CS4nnQ,11551,0,39,4,UCOj4SJrwR4ROI1ySroJ6INQ,"['How the Secondary Market Works', 'real estate', 'realtor', 'housing market', 'home buying']",2016-01-28T18:19:42.000Z
C0000129,X7QR_zfdj8o,5498,17,42,3,UCIALMKvObZNtJ6AmdCLP7Lg,['Bloomberg'],2017-09-27T10:31:11.000Z
C0000130,NYGQoL_d0VM,619,0,2,0,UCHTK8aUXF4J3hsSt0_afGeg,"['Rotman School of Management', 'private equity', 'Master of Finance']",2010-11-12T18:42:48.000Z
C0000131,m-j1PgFs5iQ,742,0,3,0,UCUyfg8Ht01PSy6gWC3cUkCw,"['Gerry Gross', 'Kerry Wiebe', 'Don Tofin', 'The Retiring Farmer', 'Retiring Farmer', 'The Retiring Farmer Group', 'Farming Retirement', 'Saskatchewan', 'farmer', 'Accounting', 'Succession Planning', 'Farming Succession Planning', 'Business Plan', 'Farming Business Plans', 'Investment Planning', 'Investment Plan', 'Estate Planning', 'Estate Plan', 'Portfolio', 'Farming Investments', 'Harvest', 'Auction', 'Selling the Farm', 'Inheriting the family farm', 'The Family Farm']",2013-09-12T17:45:15.000Z
C0000134,kGioYtYDg3I,12815,68,74,6,UChBQgieUidXV1CmDxSdRm3g,"['Barclays', 'ATM']",2019-04-21T16:20:42.000Z
C0000135,dI0MVV5UjKc,66468,[],192,43,UCY70MMJ8Rj4wtwt7bVN6hIA,"['bank of england', 'roles', 'responsibilities', 'monetary policy', 'financial stability']",2013-06-27T09:02:41.000Z
C0000137,YBOvQteaAsE,83083,139,1065,72,UCNjPtOCvMrKY5eLwr_-7eUg,"['Alux', 'Alux.com', 'Alux Youtube', 'luxury living', 'luxury lifestyle', 'luxury homes', 'luxury cars', 'fastest cars', 'alux watches', 'fine living', 'most expensive things in the world', 'new life', 'most expensive', 'extravagant things', 'billionaire lifestyle', 'hsbc holdings', 'hsbc bank', 'hsbc advert', 'hsbc golf 2017', 'hsbc news', 'hsbc credit card', 'hsbc commercial', 'hsbc founder', 'hsbc scandal', 'money', 'money laundering', 'hong kong office', 'Jaguar Formula 1', 'Stephen and Stitt', 'habc thailand', 'world war 2']",2018-01-11T11:58:08.000Z
C0000138,lDlCA8Qe9p8,80508,376,1003,41,UClvLbHceTM_nGF9dQLruJNQ,"['Noel Edmonds', 'HBOS Crime', 'HBOS Fraud', 'Lloyds Crime', 'Evil Bankers', 'Lloyds Victims', 'Lloyds Banking Group AGM', 'Lloyds Bank']",2018-05-24T17:50:06.000Z
C0000139,EWCFao8kcbI,100534,226,1495,55,UCboMaeOObINdFufyUF0eeyA,"['transferwise', 'money transfer', 'currency exchange', 'moneygram', 'international transfer', 'international money transfer', 'xe', 'currencyfair', 'wire transfer', 'bank transfer', 'money remittance', 'transferwise review', 'expat', 'nomad', 'global', 'fees', 'spread', 'rate', 'travel', 'money transfer service', 'money transfer company', 'tutorial']",2018-03-15T04:07:49.000Z
C0000140,W4Fl-oWvPFU,1889,6,34,0,UCsK9grupHNsIsSqIAyBBU7w,"['Investing', 'Money Unshackled', 'MoneyUnshackled', 'Funding Circle', 'Peer to peer', 'peer to peer lending', 'peer to peer lending Funding Circle', 'Funding circle UK', 'funding circle uk Review', 'funding circle review', 'P2P Lending review', 'p2p lending uk review', 'peer to peer lending uk review', 'peer to peer lending review', 'zopa review', 'p2p lending', 'peer to peer lending explained', 'peer to peer investing', 'peer to peer investing uk', 'peer to peer lending uk', 'funding circle review 2018']",2018-09-17T10:00:03.000Z
C0000141,GY_RN80J9Z8,33585664,2707,75350,5594,UClAfSxKoD4qxOQ4s3DvoaTA,"['conjunto primavera', 'conjunto primavera vevo', 'vevo', 'vevo music', 'vevo playlist', 'latino', 'musica latina', 'Algo De Mi']",2009-12-24T17:38:58.000Z
C0000142,SSo_EIwHSd4,2841387,1150,35090,903,UCnxrdFPXJMeHru_b4Q_vTPQ,"['lesson', 'training', 'basics', 'basic tutorial', 'beginner', 'best practices', 'dummies', 'fundamentals', 'free', 'introduction', 'learn', 'explained', 'simple', 'simply explained', 'blockchain', 'bitcoin', 'satoshi', 'smart contracts', 'security', 'protect', 'notary']",2017-11-13T20:00:01.000Z
C0000143,0cFZLQRb-kk,7225,63,133,9,UC__spnljoqvOVYaMTMsSn3g,"['Monzo review 2019', 'monzo review', 'monzo review update', 'monzo review uk', 'monzo uk', 'monzo bank', 'monzo card', 'new monzo review', 'stus reviews monzo', 'fintech finance', 'fintech review', 'money gadgets', 'money gadget', 'best bank uk', 'bank of the future', 'money 2020', 'monzo app review', 'monzo', 'monzo bank card', 'monzo bank review', 'monzo card review', 'monzo current account review', 'monzo bank account', 'how to use monzo', 'what is monzo', 'using monzo', 'how does monzo work']",2019-03-29T20:18:30.000Z
C0000144,eZtesUAYuJs,179,0,1,0,UCppwOYTEsQel-lq-sDsktcQ,"['Yielders', 'Property', 'Investment', 'Property Investment', 'Crowdfunding', 'Sharia Certified', 'Sharia Investment', 'UK Property Market']",2017-09-04T16:27:08.000Z
C0000145,uqX_vOeWxjQ,669,0,12,1,UC3eVdgT1EHwIxG5ynO42XXg,"['MarketInvoice', 'Anil Stocker', 'David Brear', 'fintech', 'innovation', 'business lending']",2018-03-29T15:57:20.000Z
C0000146,akAd6MWUxV0,12778,[],161,13,UCI_mwTKUhicNzFrhm33MzBQ,"['Business news', 'news today', 'economy', 'economic news', 'money', 'finance', 'financial news', 'times now', 'et now', 'latest news', 'stocks and shares', 'stocks today', 'Investment', 'shares', 'stocks', 'exclusive interview']",2018-09-05T10:00:26.000Z
C0000150,moC49piKYOo,656,0,3,1,UCC0uZp89jY5Qg0bU_2j8Leg,['IFCI LTD !! {Latest update 2018}'],2018-02-08T06:57:07.000Z
C0000151,9qEqduimOC8,27,0,0,0,UCedqqjlQZQGqyR_a_2c8rMg,"['REIT', 'REITs', 'Nareit', 'commercial real estate', 'CRE', 'real estate investment trusts', 'real estate', 'investment', 'reit.com', 'REITweek', 'Weingarten Realty Investors', 'Drew Alexander']",2018-06-13T15:47:15.000Z
C0000153,vJkeRPduifw,1256,[],4,0,UCqM8eryZbVt6nCjREYLIRUw,"['PwC', 'economic growth', 'talent', 'trust', 'digital age', 'globalisation', 'Davos', 'CEO survey', 'digitisation', 'technology', 'Schroders', 'Peter Harrison']",2017-01-16T19:06:22.000Z
C0000154,CBrZVXtooWc,360,0,0,0,UCsba91UGiQLFOb5DN3Z_AdQ,"['Talking stocks', 'talkingstocks', 'stocks', 'TALKINGSTOCKS', 'CNBC Africa', 'Southern Africa', 'IG', 'Anchor Capital', 'financial services', 'investment management', 'Bryan Rudd', 'Sean Ashton', 'Admiral Group PLC', 'motor insurance', 'Wales', 'London Stock Exchange']",2015-09-09T09:09:36.000Z
C0000155,ei3dq7pqgYU,237,1,1,0,UCVY9wVMNOXlJ0IDobGo2aqQ,,2018-05-31T09:30:55.000Z
C0000156,URTi98rJaLY,3200098,988,58640,903,UC5nc_ZtjKW1htCVZVRxlQAQ,"['MrSuicideSheep', 'AViVA Blackout', 'AViVA', 'AViVA GRRRLS', 'Dark Pop', 'Emo Pop', 'Blackout', 'Pop', 'Twenty One Pilots', '8 Graves', 'grandson', 'Electronic']",2019-01-24T17:30:46.000Z
C0000157,jL913yflhb0,10207,5,101,12,UCk-NV4JY_yTlCiwWukz4CVg,"['Top 5 Insurance Company 2017', 'Insurance Company', 'insurance', 'car insurance', 'insurance (industry)', 'insurance companies', 'insurance policies', 'life insurance', 'best insurance companies', 'berkshire hathaway', 'top 5', 'vehicle insurance', 'health (industry)', 'auto insurance', 'geico', 'top10', 'top', 'overpaying for insurance', 'financial analysis', 'top five list', 'top five', 'top 5 general insurance', 'financial', 'best companies', 'top companies', 'axa insurance', 'china insurance', 'top insurance companies', 'best']",2017-11-26T12:19:19.000Z
C0000158,WmZjB6Sx-Vw,3018,2,12,1,UCQfBtMOs07bff6CYvSpbECw,"['Sanierung', 'Gebäude', 'Wohnen', 'Energie', 'Effizienz', 'KfW', 'Förderung', 'Energetisch', 'Heizung', 'Dach', 'Fenster', 'Dämmung']",2018-01-03T13:14:31.000Z
C0000159,fm9ubVU7kHE,148007,213,967,109,UCqmQ1b96-PNH4coqgHTuTlA,"['Deutsche Bank', 'Firmenzentrale']",2017-08-15T07:52:56.000Z
C0000160,hi29TOm45Ec,115545,86,484,42,UCwddb8hl_xysTSGW7iiuyEA,"['game', 'gaming', 'fallout', 'fallout4', 'fallout 4', 'quest', 'railroad', 'tinker', 'tom', 'weathervane', 'Commonwealth', 'Bank', 'Weathervane: Commonwealth Bank']",2015-11-16T03:52:49.000Z
C0000161,MJan8thlcv0,1766,3,15,1,UCd6MoB9NC6uYN2grvUNT-Zg,"['AWS', 'Amazon Web Services', 'Cloud', 'cloud computing', 'AWS Cloud', 'reinvent 2018', 're:Invent 2018', 'Yuri Misnik', 'National Australia Bank', 'NAB', 'AWS Well-Architected Framework']",2018-12-04T15:07:49.000Z
C0000162,-c7t1v8EtNo,1027696,121,695,23,UCfELJXYUv2bE1f-ohJj-1jQ,,2019-01-14T14:31:34.000Z
C0000164,T23iBe491Ys,463,2,14,1,UCbJ_wWd0dCQCfuKbgPW-Y0Q,"['Bajaj Finserv Ltd', 'Bajaj Finance Limited', 'bajaj finserv news', 'bajaj finserv latest news', 'bajaj finserv stock', 'Bajaj Finance stock news', 'Bajaj Finance latest news', 'Bajaj Finance', 'share', 'stock', 'latest share market news', 'share market', 'stock market', 'intraday']",2019-02-05T09:47:55.000Z
C0000165,sE8_CReHDBg,125,3,9,1,UCQHJkK8oqjcszmgdnNnL3Kg,"['yesbank stock analysis', 'yesbank news', 'yesbank share analysis', 'yesbank', 'yesbank technical analysis', 'ibulhsgfin', 'ibulhsgfin stock analysis', 'ibulhsgfin share analysis', 'bpcl stock analysis', 'bpcl', 'bpcl share analysis', 'suntv stock analysis', 'suntv stock', 'suntv', 'rajeshexpo stock analysis', 'rajeshexpo stock', 'rajeshexpo', 'jibanjyoti panigrahi', 'jibanjyoti', 'latest stock analysis', 'latest stock news']",2019-04-22T17:44:27.000Z
C0000166,x3XTs9guMVQ,6030,4,103,9,UCUfz5FIJA2Wd3FSE6SjYqwA,"['muthoot', 'muthoot group', 'gold loan company', 'financial company']",2018-10-03T07:32:31.000Z
C0000167,MD_h51IIDU8,1480,0,2,0,UC46YJ9p0d6MSUXRZFRZrwGQ,"['ANZ', 'Banking', 'Group', 'Limited', 'Event', '2/9/2012']",2012-02-10T08:00:44.000Z
C0000168,GjQuCUG7eoA,32,0,0,0,UCKpehpHKxOEqxlmIcNpifgQ,"['macquarie', 'stocks', 'asx', 'markets', 'stockbroking', 'KOSEC', 'Kodari Securities', 'KOSEC Securities', 'Kodari KOSEC', 'Kodari', 'Kodari Lounge', 'Kodari Education', 'Michael Kodari', 'ASX', 'ASX investing', 'Investing', 'Stock market', 'Value Investing', 'Trading', 'Share investing', 'Shares', 'Wealth management', 'Best stocks', 'Top stocks', 'Australian stocks', 'Chifley tower']",2019-01-08T23:25:01.000Z
C0000169,guNaiL3Y7ow,7229,15,26,9,UCLCUbvRrQnApZldY6CTquTA,"['Reality', 'Australian show', 'new show', 'studio 10', 'funny', 'fresh', 'subscribe', 'channel ten Hamish McLennan; Ita Buttrose; Network Director of Morning Television', 'Adam Boland']",2016-04-13T04:28:23.000Z
C0000170,wxj2P3xfNVY,2859,0,15,0,UCvjAgLhWuHN0Tt5AryLfHrw,"['Mitsubishi ASX Ryoko', 'Mitsubishi ASX Ryoko 2018', '2018 Mitsubishi ASX Ryoko', 'Mitsubishi ASX Limited Edition Ryoko', 'Mitsubishi ASX Limited Edition Ryoko 2018', '2018 Mitsubishi Limited Edition Ryoko', 'Mitsubishi ASX', 'Mitsubishi ASX 2018', '2018 Mitsubishi ASX', 'Mitsubishi Autosalon Bratislava 2018', 'Autosalon Bratislava 2018', 'Auto Salon Bratislava 2018', 'Autosalon Bratislava', 'Auto Salon Bratislava']",2018-05-09T06:00:05.000Z
C0000171,waZe5mICotY,878,[],12,1,UCcLvezpiwGL5S0yeH-wS1KQ,"['Royal Bank', 'royal bank of scotland', 'banking', 'bank']",2019-04-02T13:44:25.000Z
C0000172,sXgfGkQdMd8,611,1,8,0,UCIALMKvObZNtJ6AmdCLP7Lg,['Bloomberg'],2018-10-02T12:52:45.000Z
C0000173,dGA-5BTKmRQ,1977,9,39,1,UCFaowt0i_mTHtZS-153yDRA,"['real estate', 'finance', 'investing', 'quickenloans', 'quicken loans', 'mortgage', 'lender', 'review', 'interest', 'loan']",2018-12-29T00:21:27.000Z
C0000174,Bt0KUzU-2_I,65,1,7,0,UC_MiX28ydqzqEERnt0qzkdg,"['#COF', 'Capital One Financial', 'BAC', 'Bank Of America', 'Wells Fargo', 'PNC Financial', 'Synchrony Financial']",2019-01-23T19:30:00.000Z
C0000175,ccQPVjln6rI,516,0,2,1,UCd1_8N63CtPixQ8G7IhNUyA,"['BHG', 'Notion Pictures', 'Video Tour']",2014-04-29T14:46:17.000Z
C0000176,hlhoRFbQHQo,15955,89,109,51,UClLrCMRSTp-7N9M6kylQ7Nw,"['Credit Acceptance', 'Credit Acceptance Corp', 'Scams', 'Loan sharks', 'Dishonest Lenders', 'Subprime Lending', 'credit', 'credit industry', 'Credit acceptance corporation']",2015-09-03T16:48:32.000Z
C0000177,7C6-hm73C3w,31729,3,33,3,UC5pSzJiI7-CmgJ9VUXvkr9g,"['Veterans United Network', 'VA loan prequalification', 'loan prequalification', 'what is loan prequalification', 'how to get prequalified for a mortgage', 'how to get a VA loan', 'what is prequalification', 'how to start a VA loan', 'how to buy a house', 'VA loan lenders', 'veteran home benefits', 'how VA loans work', 'VA loan foreclosure', 'VA loan bankruptcy', 'VA loans bad credit', 'home loans with low credit', 'Barby Wulff']",2016-09-15T17:32:40.000Z
C0000178,gaaHPGuiYv4,88760,2,34,0,UC3OsglK9jXigknWLbSVQzrA,"['private mortgage company vs bank', 'new american funding', 'new american funding vs bank', 'new american funding vs big bank', 'private mortgage lenders vs banks', 'should i use a private mortgage lender or a bank', 'pros and cons of a private mortgage lender', 'new american funding private mortgage lender', 'should i use a private mortgage lender', 'is a private mortgage lender or a bank better', 'private mortgage lender or bank', 'new american funding or bank', 'should i get a mortgage through my bank']",2017-03-21T16:53:09.000Z
C0000180,AkSBASHYpE4,18333,0,32,10,UCg1os2LulSx1dBvjvIW3sew,,2015-07-14T20:12:29.000Z
C0000181,G8JrpUWpfWs,607,0,0,0,UChoKcVby1ARGHc6v6dOT0uQ,['International Equity'],2012-10-17T20:03:21.000Z
C0000185,4r6jVJ7Tqps,538,0,3,0,UCk9WLLH503hpJUTxqiNhnFw,"['commvault', 'disaster recovery', 'data compliance', 'snapshot management', 'public consulting group']",2015-10-21T14:04:48.000Z
C0000186,sevz01z5zOA,32,0,0,0,UC6h7EItjucPhOp4eANQKZLw,,2018-07-26T14:57:06.000Z
C0000187,lWHxSGKBJ6A,105,1,0,0,UC8R8gYQQKVa2p_hn0XVFeqg,,2014-02-24T23:35:48.000Z
C0000188,gje8cFzuRZA,994,0,2,0,UC9h64cmkrYNIPhUWR52XJzw,['EmpowerWomen'],2017-07-21T14:08:41.000Z
C0000191,RuK7U7l7VC0,252,8,4,0,UC-10iF5IE81NV20mPR3Y8dg,"['Liberty Mutual Isurance Reviews', 'Liberty Mutual Isurance Review', 'liberty mutual auto insurance', 'liberty mutual insurance', 'liberty mutual reviews', 'liberty mutual auto claim', 'liberty mutual auto insurance claim', 'pissed consumer reviews', 'pissed consumer interviews', 'liberty mutual customer service', 'liberty mutual complaints', 'liberty mutual coverage', 'liberty mutual car insurance claims', 'liberty mutual auto claims']",2019-03-05T13:59:13.000Z
C0000192,#NAME?,84,0,1,0,UC6KIVFM-t2lAceSPrtMHFfQ,"['culture', 'Boston', 'FinTech', 'ForwardFinancing', 'people & culture']",2018-10-05T15:05:34.000Z
C0000193,zaTKcqZphTY,53962,1,185,13,UCzAG9KcgLBxTA99Lw2_RVIw,"['Tutorial', 'Tips', 'Need', 'Life', 'Money (TV Episode)', 'Sun Life Financial (Business Operation)', 'Finance (Industry)']",2013-12-13T14:03:30.000Z
C0000194,vikOtwoTgGw,3,0,1,0,UCQha7shk63UtWnM4haV0duA,"['NEWCOM', 'Duff and Phelps', 'Customer Testimony']",2019-02-27T15:58:02.000Z
C0000195,JaTFBheRJCw,2059,0,12,2,UCtfds6byH4TzyS6QwyF0zHA,,2017-05-11T14:26:41.000Z
C0000196,n9CA4c2B-eI,193,0,0,0,UC_N-iJ_2xZMRZNaKveqWr8Q,"['Behind the scenes', 'Video Interviews', 'Training Video', ""President's message"", 'Product Promotion', 'Video Tours', 'Video Testimonials', 'Corporate Video', 'Recruiting', 'TV Commercials', 'Video training', 'Webmercials', 'Walk-on Video', 'Tradeshow Video', 'Video Ads', 'Event Coverage', 'Website Video', 'YouTube™ Videos', 'Corporate Films', 'Fundraising video']",2012-10-27T22:25:51.000Z
C0000197,IiB3jbFhd-0,50093,133,624,35,UC7eBNeDW1GQf2NJQ6G6gAxw,"['Dave Ramsey explains why Whole Life Insurance Sucks!', 'whole life insurance dave ramsey', 'whole life insurance', 'whole life insurance as an investment', 'whole life insurance pros and cons', 'whole life insurance vs term life insurance', 'whole life insurance explained', 'whole life insurance bad', 'whole life insurance rates', 'whole life insurance policy', 'whole life insurance vs term', 'whole life insurance cash value']",2017-10-24T14:00:02.000Z
C0000198,Ale88d_OCdw,1757,0,10,0,UCtszufLu7gCcZTfJnjluTlg,,2017-01-03T17:54:44.000Z
C0000199,0sS4zJNp_10,22129402,5057,132926,4196,UCWsziOkax59CA7KBSi4SLsQ,"['Marques', 'Houston', 'The', 'Ultimate', 'Group/Universal']",2009-10-08T12:01:22.000Z
C0000201,kxmujZJzn18,65623,322,899,236,UCl0It9cuBpyq7MSvAPQnGWw,"['robinhood default apps', 'How I made $2000 on Robinhood', 'RIETs and Cannabis Stocks', 'robinhood stocks', 'robinhood investing', 'robinhood stock trading', 'how robinhood makes money', 'robinhood app', 'how to invest in the stock market', 'stock market investing', 'financial education', 'robinhood savings account', 'robinhood interest', 'cannabis stocks', 'riets', 'bitcoin', 'robinhood investing for beginners', 'stock market for beginners', 'monthly income', 'how to invest', 'robinhood portfolio']",2019-01-16T03:10:30.000Z
C0000203,YEcdfZ0bh1M,1685,21,31,1,UCiWfw9XSLawu-Ytlh4A_3Hg,"['Education loan from abroad', 'Foreign education loan', 'Overseas education loan', 'Private banks education loans', 'International lenders', 'International money- lenders', 'Foreign nbfcs', 'Foreign banks', 'Unsecured foreign education loan', 'Foreign education loan without collateral', 'Prodigy Finance loan', 'Prodigy finance student loan', 'MPower finance student loan', 'International education loan', 'International student loan']",2019-03-27T05:42:25.000Z
C0000205,#NAME?,63,0,0,0,UCb0Vk_BudV3WH9MSGM-joDQ,"['SS&C', 'Technology', 'Holdings', 'BenefitsXML', 'Connecticut', 'enterprise', 'software', 'merger', 'acquisition', 'financial', 'news']",2011-03-11T17:07:16.000Z
C0000206,WpfvxILDAuM,811,0,10,1,UCOGo_D5cnpnbX0CBxhv1FKg,"['Freedom Financial Network', 'Tempe', 'Arizona', 'Career', 'Jobs']",2019-01-15T16:44:10.000Z
C0000207,dZv6FLX4NRE,364397,1236,3398,173,UCRMFeUuaHIDVnRInCYc08Kg,"['coinbase exchange', 'coinbase', 'coinbase tutorial', 'coinbase review', 'coinbase app', 'coinbase app review', 'coinbase app tutorial', 'coinbase exchange review', 'coinbase exchange tutorial', 'coinbase bitcoin exchange', 'how to use coinbase', 'how to use coinbase app', 'how to use coinbase wallet', 'how to buy bitcoin with coinbase', 'how to buy bitcoin on coinbase', 'buy bitcoin on coinbase', 'buy on coinbase', 'coinbase wallet', 'coinbase bitcoin wallet', 'buying bitcoin on coinbase', 'bitcoin', 'coinbase bitcoin']",2017-07-20T01:20:07.000Z
C0000208,VANvCnliPEo,14864,181,507,19,UCyMxCUyA4H60_Rmm1xHXing,"['chime banking', 'chime banking account', 'chime bank review', 'chime banking app', 'free online banking', 'save money', 'savings account', 'FrugalChicLife', 'frugalchiclife', '#frugalchiclife', 'chime app reviews', 'save money fast', 'save money hacks', 'Best online banks', 'Automatic Savings', 'Automatic Savings App', 'Banking App', 'Budgeting App', 'Save More Money', 'Debt Free Living', 'Frugal Living', 'Frugal Chic Life', 'frugal chic life budget excel', 'frugal chic life budget']",2018-10-10T12:00:07.000Z
C0000209,sVugZDTovqs,166,0,0,0,UCV0YoKMl6wkbtYI1PbJXPSA,"['Finance (Industry)', 'Wealth Management', 'finance videos', 'mercer advisors', 'testimonial video', 'corporate video']",2014-09-10T20:24:35.000Z
C0000210,YPYefYEDgtM,755,0,3,0,UCBuIl-Fi0j_APvaoJiKPKoA,,2018-05-07T12:25:30.000Z
C0000211,LotfhZArxPs,198,1,5,0,UCtR2BnkejcU2XeWxnNIV-oA,['FIREFIGHTERS VOLUNTEER VETERAN POLICE OFFICER SFFD'],2018-07-19T23:08:05.000Z
C0000212,A4foal20UTA,26882,40,371,12,UCTcr7MRatEPF8uwwVKoGGIg,['BlackRock'],2018-05-10T10:54:36.000Z
C0000213,#NAME?,1057,1,7,1,UCZkGbe69WbGtcoatnRo5EjQ,,2014-10-02T19:56:05.000Z
C0000214,uF26-RVC-Xo,268,0,2,0,UCcChkLZLu80reTWxjSh7BUA,"['commercial', 'estate', 'real', 'commercial real estate', 'financing', 'plum', 'commercial property (industry)', 'commercial real estate loans', 'real estate', 'michael bull', 'creshow', 'commercial real estate for dummies', 'commercial real estate investing', 'commercial real estate training', 'commercial real estate agent', 'commercial real estate broker', 'commercial real estate brokerage', 'commercial real estate brokers academy', 'commercial real estate broker training']",2017-03-23T13:07:55.000Z
C0000216,kLV3N_58xhg,18415,24,217,7,UCBGZ-FRw8UJqkj_eMV9TGDA,"['personal capital tutorial', 'how to use personal capital', 'personal capital retirement planner', 'How to use the Personal Capital college savings calculator', 'personal capital app review', 'personal capital tutorial 2018', 'personal capital app', 'how to use personal capital to budget', 'how to use personal capital retirement planner', 'how to use personal capital education planner', 'how to use personal capital dashboard', 'how to set up personal capital', 'personal capital review 2018']",2018-03-21T05:38:09.000Z
C0000217,zpAi9euMCJE,115179,334,1858,124,UCkNgKCu9062P0CPyVoBI5sQ,"['lending club', 'peer to peer lending', 'lending club review', 'lending club investment', 'how to invest', 'peer to peer', 'how to invest your money', 'where to invest money', 'peer-to-peer lending', 'lending club how it works', 'how lending club works', 'lending club investing', 'investing', 'investment ideas', 'lending club vs prosper', 'lending club strategy', 'lending club scams', 'p2p lending']",2018-03-23T14:43:20.000Z
C0000218,pBAKuJsGvBE,296,0,1,0,UC96nq-gVV0vy96gfYXfEhmA,,2017-07-11T16:23:24.000Z
C0000219,mBpVycuV7xM,7773,48,355,1,UCS-j8enQVMxOZLvI9PdBUbg,"['Plaid (Musical Group)', 'plaid', 'Warp (Record Label)', 'warp', 'warp records', 'indie', 'independent record label', 'independent', 'independent label', 'independent music', 'audio', 'music', 'official music', 'andy turner', 'ed handley', 'Polymer', 'Maru', 'Recall', 'IDM', 'Intelligent Dance Music', 'Electronic Music']",2019-04-18T14:18:13.000Z
C0000220,ljpFlugHTAY,3,0,0,0,UCO1-LnV6M3IF5HscGCaL_zQ,"['youland', 'real estate', 'loans', 'marketing', 'drones', 'silicon valley', 'san francisco']",2018-06-28T23:38:04.000Z
C0000221,xBtKhWgt2WU,1515,0,5,1,UCjzcOPQDzrXhxM6OBiJ44ZQ,"['alliancebernstein', 'recruiting', 'AB', 'Bernstein', 'Campus', 'students', 'graduates', 'associate', 'intern', 'internship', 'jobs']",2018-01-17T18:41:24.000Z
C0000222,uPbrN-De3Ek,1141,1,4,1,UCvJJ_dzjViJCoLf5uKUTwoA,"['Power Lunch', 'CNBC', 'business news', 'finance', 'stock', 'stock market', 'news channel', 'news station', 'breaking news', 'us news', 'world news', 'cable', 'cable news', 'finance news', 'money', 'money tips', 'Wedbush Securities', 'Securities', 'Michael Pachter', 'Pachter', 'Netflix Will Need', 'Need Decades', 'Decades To Get Content', 'Content Spend', 'Spend Right', 'Andy Hargreaves', 'KeyBanc', 'Capital Markets', 'investors need', 'Netflix reports', 'quarterly earnings', 'what investors need to watch']",2017-07-17T23:51:49.000Z
C0000223,8O3UOUrB0U4,24162740,3365,58400,10975,UCA0MDADBWmCFro3SXR5mlSg,"['Incredibles 2', 'Trailer', '2018', 'All Movie Clips', 'All Trailers', 'Compilation', 'The Incredibles', 'Holly Hunter', 'Sarah Vowell', 'Raymond Ochoa', 'Official', 'Movie', 'Film', 'HD', 'Full Movie', 'Entertainment Access', 'Incredibles 2 Trailer', 'Incredibles 2 Movie']",2018-06-12T17:01:59.000Z
C0000226,ZpBK0byBx7s,177,0,5,0,UCYwXVB8x62xTV2QgWogoT-Q,"['Redwood Credit Union', 'Redwood CU', 'RCU', 'Credit Unions', 'nonprofits', 'community', 'communities', 'North Bay', 'San Francisco', 'Marin', 'Napa', 'Sonoma', 'Santa Rosa']",2018-04-17T21:20:05.000Z
C0000227,aLH3nsuancs,8942,1,20,0,UCg57uzEsaVm661d9qcB_pew,"['ecommerce', 'analytics', 'shopify', 'bigcommerce', 'magento', 'google analytics', 'amazon', 'paypal', 'conversion rate', 'bounce rate', 'benchmarks', 'metrics', 'kpi', 'online shopping', 'ecommerce app']",2017-12-19T14:17:59.000Z
C0000228,#NAME?,97660,121,1451,45,UCGaOvAFinZ7BCN_FDmw74fQ,"['cvg', 'anchorage', 'alaska', 'seward', 'glacier', 'adventure', 'Anchorage Museum at Rasmuson Center', 'Chugach State Park', 'Tony Knowles Coastal Trail', 'Alyeska Ski Resort', 'Flattop Trail', 'Crow Creek Mine', 'Alaska Native Heritage Center', 'Point Woronzof Park']",2018-10-31T01:41:40.000Z
C0000229,4k4fbAUBSKw,8297,21,89,2,UCpbxLwLMyyYCljELcL5BhBA,"['sofi', 'sofi reviews', 'sofi personal loan', 'sofi loans', 'refinance student loans', 'student loan consolidation', 'private student loans', 'p2p lending', 'trisofi', 'sofi mortgage', 'sofi loan review', 'sofi mortgage rates', 'lending club', 'lending club vs prosper', 'so fi', 'lightstream loan']",2018-09-06T12:46:52.000Z
C0000230,P-ImNe-JyHM,4082,6,52,4,UCGnBRumQwHu7l-lW32kLlZQ,"['OFX', 'OFX Tutorial', 'How to Use OFX', 'International Money Transfers', 'Sending Money Overseas', 'Australia', 'United States', 'Banking', 'Forex', 'Wire Transfer', 'Telegraphic Transfers']",2018-03-28T21:00:01.000Z
C0000231,49k0_zLaUL4,966,0,6,0,UCrBrOSlU5GNq_SpDUhMXodA,"['wealth management', 'Registered Investment Advisor (Organization Type)', 'Financial Plan (Literature Subject)', 'Financial Planner (Profession)', 'Investment (Industry)', 'Investment Management (Industry)', 'Investment Company (Organization Type)', 'Financial Services (Industry)', 'Finance (Industry)']",2014-08-09T00:08:09.000Z
C0000232,8ZMXHX7AXUA,366,0,0,0,UCIi4K3Gk3hULdetAoPDd-WQ,"['Finovate', 'Fintech', 'Financial Technology', 'Home lending', 'Mortgage', 'Home loans']",2018-06-04T15:06:39.000Z
C0000233,UEQJQhA8txM,355,0,0,0,UCWurpJwOoYAVvEsDCJneQMQ,,2016-08-16T16:49:39.000Z
C0000234,uv6fWFTHDL4,1740,0,8,1,UCxxtTl3CMNxQE2qT5QPBnIg,,2017-06-12T14:53:26.000Z
C0000235,MNDslW5uvuE,929,0,3,0,UClBG1PaS7GKmq7ZnRjFLs3w,"['finance', 'saving', 'finhealth', 'fintech', 'financial technology']",2016-08-01T17:21:36.000Z
C0000237,zViqZ8T1Ue0,2075,0,2,0,UCfFIpsY4Ewjuw080m8ZJnIA,,2018-03-20T15:37:16.000Z
C0000238,zw8op7qNByQ,716408,1503,13702,434,UC4rlAVgAK0SGk-yTfe48Qpw,"['survival stories', 'extreme situations', 'dangerous situations', 'videos about safety', 'how to save a life', 'survive in the wildness', 'true stories', 'critical situations', 'touching stories', 'moving stories', 'Touching the Void', 'Joe Simpson', 'Roy Sullivan', 'lightning strike', 'Jean Hilliard', 'frozen girl']",2019-04-19T03:00:08.000Z
C0000239,3u4Q_O0vDfA,4727,1,29,2,UCD9C6LibCd-2xNGYvRxMknw,"['Small Business (Industry)', 'small business loans', 'Loans', 'Startup Company (Website Category)', 'financing', 'Cash Flow (Composition)', 'alternative lenders', 'Credit Score (Literature Subject)', 'Finance (Industry)']",2014-06-24T21:52:56.000Z
C0000241,9Vj8RAh17zs,233495,89,1287,125,UCi2_GHp7gFApHnyxxTbZSlQ,"['despicable me 3', 'despicable me 3 funny moments', 'despicable me 3 minions', 'despicable me 3 2017', 'despicable me 3 best scene', 'Best Funny Moments', 'minions', 'gru', 'dru', 'agnes', '2017', 'HD']",2017-10-18T01:54:38.000Z
C0000242,zNsAkx4_hdY,7559,0,26,1,UC2Tux4Bnp5-YUhMeiZBE2yA,"['Working at Towers Watson', 'Interviewing', 'Interview', 'careers']",2012-04-25T12:29:06.000Z
C0000243,4fjmqCyCDM4,6922,322,176,27,UCsu6dlNar2xo_8h_7tG6eyA,"['Credit score', 'credit report', 'free credit score', 'finance', 'money', 'credit cards', 'credit', 'loans', 'debt', 'Credit Sesame', 'personal finance', 'financial advice', 'adulting', 'credit repair', 'bad credit', 'fix credit', 'build credit', 'sesame credit', 'review', 'credit scores', 'empowerment', 'improve credit', 'clean up credit', 'fix', 'low score', 'high score', 'adult 101', 'financial dreams', 'financial control', 'financial wellbeing', 'free', 'rich', 'motivation (quotation subject)', 'empower', 'independence', 'credit card debt']",2016-12-09T19:28:46.000Z
C0000244,7aFqCqqaBZQ,235566,244,2169,172,UCfmYsEpGyq9enXyKoj1iL0Q,"['paypal', 'payments', 'buyers', 'sellers', 'paypal here', 'what is paypal', 'how does paypal work', 'paypal what is it', 'paypal what it is', 'paypal explained', 'explain paypal', 'paypal for buyers', 'paypal for sellers', 'paypal payments', 'paying with paypal', 'selling with paypal']",2018-01-20T20:13:40.000Z
C0000245,IjuArfBq0V0,192,0,2,0,UCsF6SQH83EM7wI4Z8MCiCsQ,"['investir en France', 'investir en france depuis les états-unis', 'investir depuis les états-unis', 'immobilier france', 'fiscalité française', 'fiscalité depuis les états-unis', 'double imposition', 'irs', 'comptabilité immobilière', 'investissement locatif', ""investir dans l'immobilier"", 'fatca', 'investir', 'investir usa', ""investir en france depuis l'étranger"", 'comment investir en bourse', 'investir en bourse au etats unis', 'investissement', 'expatrié', 'non-résident', 'fiscalité france usa']",2018-09-20T15:17:10.000Z
C0000246,ckK3Yt2h1zs,310,0,0,0,UCgd5b3bchlTVwFm1B_b52EA,"['Aspiriant', 'wealth management', 'Independent financial advisor', 'RIA', 'CFP', 'Financial Adviser (Profession)']",2012-05-25T18:18:27.000Z
C0000247,O2phltMCxPg,481,0,5,0,UCrVWNQQ-qfZld6XCG3PGAew,"['Independent financial advice', 'independent financial advisors', 'financial literacy', 'financial planning', 'financial advisor', 'Cetera', 'Financial Services Institute', 'retirement', 'saving', 'investing', 'The balancing act', 'the balancing act lifetime', 'the balancing act success', 'the balancing act product placement', 'the balancing act Julie Moran', 'the balancing act reality tv', 'the balancing act South Florida', 'branded entertainment', 'Branded Entertainment O2 Media Inc']",2014-08-28T15:22:13.000Z
C0000248,_oRNijRirfY,804410,645,6694,275,UC1XrG1M_hw8103zO2x-oivg,"['scharfe saucen', 'Galileo', 'Galileo 2015', 'Pro7', 'Aiman Abdallah', 'Aiman Abdala', 'Stefan Gödde', 'Prosieben', 'Pro Sieben', 'Wissensmagazin', 'galileo fake check', 'galileo mystery', 'galileo sexualität', 'Galileo big pictures', 'welt der wunder', 'Wissenssendung']",2015-07-21T16:30:00.000Z
C0000249,AH3w-LCvTfs,471,1,5,2,UCwQUHnxzx-9-LwsaHJ_4qLA,"['Loanmart', 'fraud']",2015-03-23T22:47:40.000Z
C0000250,bhqEf3L4kNs,1885,10,5,6,UCkmAwfnEncaJsTywMuNEMTQ,['network marketing'],2013-12-22T15:18:29.000Z
C0000251,3-edYo8LG7E,3841,6,34,1,UCXc_P8cKMbUvHFyDwAtz--Q,"['Kitces', 'Office hours', 'Kitces office hours', 'Financial Engines / Edelman merger', 'Financial Engines Edelman financial deal', 'Edelman financial deal', 'future for Edelman']",2018-05-03T16:02:34.000Z
C0000253,yOJ-PNLeAik,913,0,0,0,UC8vGSLf2INAj4hvbEZWsT0Q,,2016-08-17T21:19:59.000Z
C0000254,ypDKCx9sA0A,992,0,2,0,UCZku3s4j5FJSBULMKu1J6hg,"['Lockton', 'Lockton Companies', 'Lockton culture', 'Insurance']",2016-08-04T13:02:48.000Z
C0000255,Kwqm2M1ubq0,3163,3,9,2,UCR6LrJk1syooFhxUwOL5tsQ,,2015-01-13T05:08:31.000Z
C0000257,DLHh-d3xoAk,155,0,2,0,UCn2pRnyRK-eoPcv5FSC918Q,,2018-06-29T20:21:42.000Z
C0000258,7iWfv2uryro,378,[],1,0,UCE60kNwW4romvsmlN284tzA,"['Wolters Kluwer', 'Tax and Accounting', 'Audit', 'financial statements', 'business tax returns']",2018-12-07T18:40:37.000Z
C0000259,AnX-uWi4MG8,135,0,0,0,UCMygr0IPbbTaGmyGJRaXMyQ,"['golden valley bank', 'commercial', 'bank', 'sony fs7', 'chico ca', 'drone', 'chico heat']",2017-08-15T00:12:28.000Z
C0000260,qKkTs0h5dUs,0,0,0,0,UCeSMMiZvduz3PWCD5lCbFgg,,2016-06-07T18:47:23.000Z
C0000261,nV4CF5MnH_U,2551,2,11,1,UCYrhedDvzLu9cFR13MTwYrA,"['Answer Financial', 'Insurance (Industry)', 'money', 'pocket the money', 'collect insurance', 'crash', 'car crash', 'auto', 'car', 'insurance', 'Accident', 'Cash (Quotation Subject)', 'Credit (Industry)', 'keeping the cash from an insurance payout', 'keep the cash', 'insurance payout', 'car insurance']",2013-11-18T16:20:46.000Z
C0000262,ADwJxE_YaYs,129,[],0,0,UCbGBWwt5yGD2Pgb_m-gpMRg,"['Mulligan Funding', 'business funding', 'business loans', 'Small business loans', 'Business financing', 'Business line of credit']",2018-05-07T15:29:04.000Z
C0000264,vHDbPtcsvYI,79,[],0,0,UC44lGiIjoQKEoU8rqHdKNig,"['employee', 'careers', 'Sunwest bank']",2017-02-01T18:38:41.000Z
C0000267,Md7dK0c3O2A,832,0,1,0,UCvXilnbH-QPOdg3Rr0KyafA,"['Frank Rimerman', 'Outlook Plugin', 'SharePoint Adoption', 'Enterprise Collaboration', 'Social Email', 'Enterprise 2.0', 'Social Business', 'Outlook Integration', 'SharePoint Integration']",2011-02-21T10:40:07.000Z
C0000268,fee0oBU_Tto,208,0,0,6,UC4FoRhViVqJ0kFL2ob2eAaA,"['Cedar Financial', 'Cedar Financial complaints', 'Cedar Financial harassment', 'Cedar Financial debt collection', 'Cedar Financial collection agency', 'Cedar Financial sue', 'Cedar Financial lawyer', 'What is Cedar Financial']",2018-08-29T12:33:25.000Z
C0000269,J3hn_lP8XrE,2284,0,3,0,UCl2nDcjt97_P-DNakiGfMpw,,2015-09-01T19:50:58.000Z
C0000271,i20QkGuhp6I,284,0,2,0,UCKTXaAgjP4eRCnWTgQkRXhA,"['private equity fundraising', 'fundraising software', 'salesforce fundraising', 'fundraising crm', 'fundraising hedge fund']",2017-02-16T20:21:41.000Z
C0000272,re5-dOJUrGE,372,0,1,0,UC9hQEFniTG0Y5wqyINNJ7HQ,,2012-10-12T15:22:01.000Z
C0000273,yzClFpg0q74,6631,3,21,0,UCLnlmc4jwZEOevsxbFjf7gA,"['Mission Federal Credit Union', 'United States Of America (Country)', 'Real Estate', 'Credit (Industry)', 'san diego', 'segment']",2015-12-14T22:38:04.000Z
C0000274,0qmylFuGsNM,245,0,1,0,UCjtW8NX3eNlp88_vpv9kngw,['none'],2011-03-17T17:12:24.000Z
C0000275,uXOysJNicpc,91,0,1,0,UCMnWMoZd1ouow-tTEzr2HqA,"['Foothill Credit Union', 'Credit Union', 'San Gabriel Valley', 'Bank (Industry)', 'Banking', 'Auto Loan', 'Mortgage', 'Free Checking', 'Checking', 'Low Fees', 'Mobile Banking', 'Home Banking', 'Money']",2015-06-06T17:08:58.000Z
C0000278,OkDO7LLCvIQ,9267,3,45,5,UCYzcEu_uaP1z8IWaVk8mSmw,,2017-03-16T18:50:23.000Z
C0000279,U1P5unG042c,380,0,1,0,UC5YeNqtpbbm0wY-t_-633DQ,,2017-04-27T18:33:36.000Z
C0000280,BTQjtW5CIf0,423,0,6,0,UCnmfZf8y6Ka54DIp_vuV-Jw,,2016-07-25T21:33:02.000Z
C0000281,pzBnVzTSBx4,245411,0,1,0,UCczJSXzIAdA19Rb7hyLkDPQ,"['cbc', 'credit union', 'credit union in ventura']",2017-09-14T20:41:52.000Z
C0000282,nTB7-0wa_ZI,606,0,20,0,UCPSdEAGnO-yHFGbq9uZNDnw,"['eagle home mortgage', 'eagle home mortgage reviews', 'eagle home mortgage lenner', 'who is eagle home mortgage', 'eagle home mortgage company', 'eagle home mortgage lennar', 'tampa2enjoy']",2017-12-22T13:24:04.000Z
C0000283,YMLbF138zpY,309,0,1,0,UCPYXGR0B9L8JVDF9h6JpgKA,,2016-09-23T15:05:21.000Z
C0000284,6khiFYK_bhE,165,0,1,0,UCIoiCNYT7VEb7anQzMgBSoA,"['Retirement', 'Retire', 'Investment', 'Invest', 'Trust', 'Bank', 'IRA', 'Rollover', 'How', 'to', 'prepare', 'for']",2014-10-22T11:10:13.000Z
C0000285,wX8CM8dLyu8,146,0,0,0,UCNhKRUimTAsB851JUUDt8yg,"['Centric Bank', 'centric bank', 'Meeka Fine Jewelry', 'Meeka Jewelry', 'Harrisburg', 'Pennsylvania', 'local business banking', 'local business financing', 'small business banking', 'small business financing', 'business banking', 'camp hill', 'hummelstown', 'mechanicsburg']",2018-08-08T15:24:29.000Z
C0000286,Tsf6R3l3S2k,1,0,0,0,UCURgAKPV1wrwOqvPmJPeZ-A,,2019-03-12T20:34:11.000Z
C0000289,YmK3c72m5sA,1839698,351,12219,606,UC9vyBMZ5M6mGtZ4hFCmXsLw,,2018-03-04T00:19:02.000Z
C0000290,UMqLMiiuMkY,157,0,9,0,UCdMbo3RknL1cwOxnd_cdNUA,['Comerica'],2010-04-12T20:32:01.000Z
C0000291,UEJXdXl_hOs,556,0,11,0,UCdMbo3RknL1cwOxnd_cdNUA,"['Huntington', 'Bancshares', 'NASDAQ:HBAN', 'Stock', 'News', 'Trading']",2010-04-30T16:56:25.000Z
C0000292,_Hc4i5XNeOw,370,0,0,0,UCrp_UI8XtuYfpiqluWLD7Lw,"['CNBC', 'business news', 'finance stock', 'stock market', 'news channel', 'news station', 'breaking news', 'us news', 'world news', 'cable', 'cable news', 'finance news', 'money', 'money tips', 'finance', 'money tips mad money (tv program)', 'Jim Cramer', 'stock advice', 'Jim Cramer interview', 'CEO interview', 'interview', 'mad money interview', 'stock performance', 'market news', 'stock picks']",2019-04-18T15:52:00.000Z
C0000293,xcLvjPalLs4,141,15,17,0,UCOU3Ex1nCLe7u-wtgO0A5Pg,"['Pacwest Bancorp stock', 'dividend experiment', 'dividend investing', 'dividend stocks', 'bank stocks', 'dividend paying stocks 2019', 'best dividend stocks 2019', 'uk dividend investing', 'dividend portfolio', 'dividends', 'monthly dividends', 'dividends 2019', 'dividend stocks to buy', 'dividend stocks 2019', 'highest paying dividend stocks', 'top dividend stocks', 'dividend growth stocks 2019', 'dividend stock investing', 'top dividend stocks 2019', 'passive income', 'retire early', 'dividend payments']",2019-04-21T10:00:06.000Z
C0000294,ypnQQWHXgO0,681,0,4,0,UCvJJ_dzjViJCoLf5uKUTwoA,"['CNBC', 'business news', 'finance', 'news channel', 'news station', 'breaking news', 'us news', 'world news', 'cable', 'cable news', 'finance news', 'money', 'money tips mad money (tv program)', 'Jim Cramer', 'stock advice', 'Jim Cramer interview', 'CEO interview', 'interview', 'mad money interview', 'stock market', 'stock performance', 'market news', 'stock picks', 'cullen frost bankers', 'cullen frost bankers ceo', 'cullen frost bankers mad money', 'banking industry', 'banking stocks', 'cullen frost bankers stocks']",2018-05-02T15:46:30.000Z
C0000295,UXueaqiZaPE,325,1,0,0,UCO7cMdg6HgFHYBAn72jhbWg,,2016-09-05T23:02:33.000Z
