Division_College ,
Administration,
Athletics,
Bouve College of Health Sciences,
Business Services,
Business Services - Auxiliary Enterprises,
Business Services - Residence Halls,
Campus Planning & Development,
City and Community Affairs,
College of Arts  Media and Design,
Khoury College of Computer Sciences,
College of Engineering,
College of Professional Studies,
College of Science,
College of Social Sciences and Humanities,
D'Amore-McKim School of Business,
Enrollment Management,
Enterprise Risk Management,
Facilities,
Facilities - Residence Halls,
Finance,
General Counsel,
Human Resources Management,
Information Technology Services,
Global Experience Office,
Library,
External Affairs,
Office of the Chancellor,
President's Office,
Provost,
Public Safety,
Research and Graduate Education,
Residential Life,
School of Law,
Student Activities Business Office,
Student Affairs,
Undergraduate Education,
University Advancement,
University Health and Counseling,
University Programs,
University Advancement/General Counsel,
General Counsel/Human Resources Management,
VP Burlington Campus,
,
,
,
,
,
,
,
,
,
,
,
,
,
,
,
,
,
,
,
,
,
,
,
,
,
,
,
,
,
,
,
,
,
,
,
,
,
,
,
,
,
,
,
University Advancement/General Counsel,
General Counsel/Human Resources Management,
VP Burlington Campus,
,
,
No Selection,
Administration,
Athletics,
Bouve College of Health Sciences,
Business Services,
Business Services - Auxiliary Enterprises,
Business Services - Residence Halls,
Campus Planning & Development,
City and Community Affairs,
College of Arts,
Khoury College of Computer Sciences,
College of Engineering,
College of Professional Studies,
College of Science,
College of Social Sciences and Humanities,
D'Amore-McKim School of Business,
Enrollment Management,
Enterprise Risk Management,
Facilities,
Facilities - Residence Halls,
Finance,
General Counsel,
Human Resources Management,
Information Technology Services,
Global Experience Office,
Library,
External Affairs,
Office of the Chancellor,
President's Office,
Provost,
Public Safety,
Research and Graduate Education,
Residential Life,
School of Law,
Student Activities Business Office,
Student Affairs,
Undergraduate Education,
University Advancement,
University Health and Counseling,
University Programs,
,
University Advancement/General Counsel,
General Counsel/Human Resources Management,
VP Burlington Campus,
,
,
No Selection,
Administration,
Athletics,
Bouve College of Health Sciences,
Business Services,
Business Services - Auxiliary Enterprises,
Business Services - Residence Halls,
Campus Planning & Development,
City and Community Affairs,
College of Arts, Media and Design
Khoury College of Computer Sciences,
College of Engineering,
College of Professional Studies,
College of Science,
College of Social Sciences and Humanities,
D'Amore-McKim School of Business,
Enrollment Management,
Enterprise Risk Management,
Facilities,
Facilities - Residence Halls,
Finance,
General Counsel,
Human Resources Management,
Information Technology Services,
Global Experience Office,
Library,
External Affairs,
Office of the Chancellor,
President's Office,
Provost,
Public Safety,
Research and Graduate Education,
Residential Life,
School of Law,
Student Activities Business Office,
Student Affairs,
Undergraduate Education,
University Advancement,
University Health and Counseling,
University Programs,
,
University Advancement/General Counsel,
General Counsel/Human Resources Management,
VP Burlington Campus,
,
,
No Selection,
Administration,
Athletics,
Bouve College of Health Sciences,
Business Services,
Business Services - Auxiliary Enterprises,
Business Services - Residence Halls,
Campus Planning & Development,
City and Community Affairs,
College of Arts, Media and Design
Khoury College of Computer Sciences,
College of Engineering,
College of Professional Studies,
College of Science,
College of Social Sciences and Humanities,
D'Amore-McKim School of Business,
Enrollment Management,
Enterprise Risk Management,
Facilities,
Facilities - Residence Halls,
Finance,
General Counsel,
Human Resources Management,
Information Technology Services,
Global Experience Office,
Library,
External Affairs,
Office of the Chancellor,
President's Office,
Provost,
Public Safety,
Research and Graduate Education,
Residential Life,
School of Law,
Student Activities Business Office,
Student Affairs,
Undergraduate Education,
University Advancement,
University Health and Counseling,
University Programs,
,
University Advancement/General Counsel,
General Counsel/Human Resources Management,
VP Burlington Campus,
,
,
No Selection,
Administration,
Athletics,
Bouve College of Health Sciences,
Business Services,
Business Services - Auxiliary Enterprises,
Business Services - Residence Halls,
Campus Planning & Development,
City and Community Affairs,
College of Arts, Media and Design
Khoury College of Computer Sciences,
College of Engineering,
College of Professional Studies,
College of Science,
College of Social Sciences and Humanities,
D'Amore-McKim School of Business,
Enrollment Management,
Enterprise Risk Management,
Facilities,
Facilities - Residence Halls,
Finance,
General Counsel,
Human Resources Management,
Information Technology Services,
Global Experience Office,
Library,
External Affairs,
Office of the Chancellor,
President's Office,
Provost,
Public Safety,
Research and Graduate Education,
Residential Life,
School of Law,
Student Activities Business Office,
Student Affairs,
Undergraduate Education,
University Advancement,
University Health and Counseling,
University Programs,
,
University Advancement/General Counsel,
General Counsel/Human Resources Management,
VP Burlington Campus,
,
,
No Selection,
Administration,
Athletics,
Bouve College of Health Sciences,
Business Services,
Business Services - Auxiliary Enterprises,
Business Services - Residence Halls,
Campus Planning & Development,
City and Community Affairs,
College of Arts, Media and Design
Khoury College of Computer Sciences,
College of Engineering,
College of Professional Studies,
College of Science,
College of Social Sciences and Humanities,
D'Amore-McKim School of Business,
Enrollment Management,
Enterprise Risk Management,
Facilities,
Facilities - Residence Halls,
Finance,
General Counsel,
Human Resources Management,
Information Technology Services,
Global Experience Office,
Library,
External Affairs,
Office of the Chancellor,
President's Office,
Provost,
Public Safety,
Research and Graduate Education,
Residential Life,
School of Law,
Student Activities Business Office,
Student Affairs,
Undergraduate Education,
University Advancement,
University Health and Counseling,
University Programs,
,
University Advancement/General Counsel,
General Counsel/Human Resources Management,
VP Burlington Campus,
,
,
No Selection,
Administration,
Athletics,
Bouve College of Health Sciences,
Business Services,
Business Services - Auxiliary Enterprises,
Business Services - Residence Halls,
Campus Planning & Development,
City and Community Affairs,
College of Arts, Media and Design
Khoury College of Computer Sciences,
College of Engineering,
College of Professional Studies,
College of Science,
College of Social Sciences and Humanities,
D'Amore-McKim School of Business,
Enrollment Management,
Enterprise Risk Management,
Facilities,
Facilities - Residence Halls,
Finance,
General Counsel,
Human Resources Management,
Information Technology Services,
Global Experience Office,
Library,
External Affairs,
Office of the Chancellor,
President's Office,
Provost,
Public Safety,
Research and Graduate Education,
Residential Life,
School of Law,
Student Activities Business Office,
Student Affairs,
Undergraduate Education,
University Advancement,
University Health and Counseling,
University Programs,
,
University Advancement/General Counsel,
General Counsel/Human Resources Management,
VP Burlington Campus,
,
,
No Selection,
Administration,
Athletics,
Bouve College of Health Sciences,
Business Services,
Business Services - Auxiliary Enterprises,
Business Services - Residence Halls,
Campus Planning & Development,
City and Community Affairs,
College of Arts, Media and Design
Khoury College of Computer Sciences,
College of Engineering,
College of Professional Studies,
College of Science,
College of Social Sciences and Humanities,
D'Amore-McKim School of Business,
Enrollment Management,
Enterprise Risk Management,
Facilities,
Facilities - Residence Halls,
Finance,
General Counsel,
Human Resources Management,
Information Technology Services,
Global Experience Office,
Library,
External Affairs,
Office of the Chancellor,
President's Office,
Provost,
Public Safety,
Research and Graduate Education,
Residential Life,
School of Law,
Student Activities Business Office,
Student Affairs,
Undergraduate Education,
University Advancement,
University Health and Counseling,
University Programs,
,
University Advancement/General Counsel,
General Counsel/Human Resources Management,
VP Burlington Campus,
,
,
No Selection,
Administration,
Athletics,
Bouve College of Health Sciences,
Business Services,
Business Services - Auxiliary Enterprises,
Business Services - Residence Halls,
Campus Planning & Development,
City and Community Affairs,
College of Arts, Media and Design
Khoury College of Computer Sciences,
College of Engineering,
College of Professional Studies,
College of Science,
College of Social Sciences and Humanities,
D'Amore-McKim School of Business,
Enrollment Management,
Enterprise Risk Management,
Facilities,
Facilities - Residence Halls,
Finance,
General Counsel,
Human Resources Management,
Information Technology Services,
Global Experience Office,
Library,
External Affairs,
Office of the Chancellor,
President's Office,
Provost,
Public Safety,
Research and Graduate Education,
Residential Life,
School of Law,
Student Activities Business Office,
Student Affairs,
Undergraduate Education,
University Advancement,
University Health and Counseling,
University Programs,
,
University Advancement/General Counsel,
General Counsel/Human Resources Management,
VP Burlington Campus,
,
,
No Selection,
Administration,
Athletics,
Bouve College of Health Sciences,
Business Services,
Business Services - Auxiliary Enterprises,
Business Services - Residence Halls,
Campus Planning & Development,
City and Community Affairs,
College of Arts, Media and Design
Khoury College of Computer Sciences,
College of Engineering,
College of Professional Studies,
College of Science,
College of Social Sciences and Humanities,
D'Amore-McKim School of Business,
Enrollment Management,
Enterprise Risk Management,
Facilities,
Facilities - Residence Halls,
Finance,
General Counsel,
Human Resources Management,
Information Technology Services,
Global Experience Office,
Library,
External Affairs,
Office of the Chancellor,
President's Office,
Provost,
Public Safety,
Research and Graduate Education,
Residential Life,
School of Law,
Student Activities Business Office,
Student Affairs,
Undergraduate Education,
University Advancement,
University Health and Counseling,
University Programs,
,
University Advancement/General Counsel,
General Counsel/Human Resources Management,
VP Burlington Campus,
,
,
No Selection,
Administration,
Athletics,
Bouve College of Health Sciences,
Business Services,
Business Services - Auxiliary Enterprises,
Business Services - Residence Halls,
Campus Planning & Development,
City and Community Affairs,
College of Arts, Media and Design
Khoury College of Computer Sciences,
College of Engineering,
College of Professional Studies,
College of Science,
College of Social Sciences and Humanities,
D'Amore-McKim School of Business,
Enrollment Management,
Enterprise Risk Management,
Facilities,
Facilities - Residence Halls,
Finance,
General Counsel,
Human Resources Management,
Information Technology Services,
Global Experience Office,
Library,
External Affairs,
Office of the Chancellor,
President's Office,
Provost,
Public Safety,
Research and Graduate Education,
Residential Life,
School of Law,
Student Activities Business Office,
Student Affairs,
Undergraduate Education,
University Advancement,
University Health and Counseling,
University Programs,
,
University Advancement/General Counsel,
General Counsel/Human Resources Management,
VP Burlington Campus,
,
,
No Selection,
Administration,
Athletics,
Bouve College of Health Sciences,
Business Services,
Business Services - Auxiliary Enterprises,
Business Services - Residence Halls,
Campus Planning & Development,
City and Community Affairs,
College of Arts, Media and Design
Khoury College of Computer Sciences,
College of Engineering,
College of Professional Studies,
College of Science,
College of Social Sciences and Humanities,
D'Amore-McKim School of Business,
Enrollment Management,
Enterprise Risk Management,
Facilities,
Facilities - Residence Halls,
Finance,
General Counsel,
Human Resources Management,
Information Technology Services,
Global Experience Office,
Library,
External Affairs,
Office of the Chancellor,
President's Office,
Provost,
Public Safety,
Research and Graduate Education,
Residential Life,
School of Law,
Student Activities Business Office,
Student Affairs,
Undergraduate Education,
University Advancement,
University Health and Counseling,
University Programs,
,
University Advancement/General Counsel,
General Counsel/Human Resources Management,
VP Burlington Campus,
,
,
No Selection,
Administration,
Athletics,
Bouve College of Health Sciences,
Business Services,
Business Services - Auxiliary Enterprises,
Business Services - Residence Halls,
Campus Planning & Development,
City and Community Affairs,
College of Arts, Media and Design
Khoury College of Computer Sciences,
College of Engineering,
College of Professional Studies,
College of Science,
College of Social Sciences and Humanities,
D'Amore-McKim School of Business,
Enrollment Management,
Enterprise Risk Management,
Facilities,
Facilities - Residence Halls,
Finance,
General Counsel,
Human Resources Management,
Information Technology Services,
Global Experience Office,
Library,
External Affairs,
Office of the Chancellor,
President's Office,
Provost,
Public Safety,
Research and Graduate Education,
Residential Life,
School of Law,
Student Activities Business Office,
Student Affairs,
Undergraduate Education,
University Advancement,
University Health and Counseling,
University Programs,
,
University Advancement/General Counsel,
General Counsel/Human Resources Management,
VP Burlington Campus,
,
,
No Selection,
Administration,
Athletics,
Bouve College of Health Sciences,
Business Services,
Business Services - Auxiliary Enterprises,
Business Services - Residence Halls,
Campus Planning & Development,
City and Community Affairs,
College of Arts, Media and Design
Khoury College of Computer Sciences,
College of Engineering,
College of Professional Studies,
College of Science,
College of Social Sciences and Humanities,
D'Amore-McKim School of Business,
Enrollment Management,
Enterprise Risk Management,
Facilities,
Facilities - Residence Halls,
Finance,
General Counsel,
Human Resources Management,
Information Technology Services,
Global Experience Office,
Library,
External Affairs,
Office of the Chancellor,
President's Office,
Provost,
Public Safety,
Research and Graduate Education,
Residential Life,
School of Law,
Student Activities Business Office,
Student Affairs,
Undergraduate Education,
University Advancement,
University Health and Counseling,
University Programs,
,
University Advancement/General Counsel,
General Counsel/Human Resources Management,
VP Burlington Campus,
,
,
No Selection,
Administration,
Athletics,
Bouve College of Health Sciences,
Business Services,
Business Services - Auxiliary Enterprises,
Business Services - Residence Halls,
Campus Planning & Development,
City and Community Affairs,
College of Arts, Media and Design
Khoury College of Computer Sciences,
College of Engineering,
College of Professional Studies,
College of Science,
College of Social Sciences and Humanities,
D'Amore-McKim School of Business,
Enrollment Management,
Enterprise Risk Management,
Facilities,
Facilities - Residence Halls,
Finance,
General Counsel,
Human Resources Management,
Information Technology Services,
Global Experience Office,
Library,
External Affairs,
Office of the Chancellor,
President's Office,
Provost,
Public Safety,
Research and Graduate Education,
Residential Life,
School of Law,
Student Activities Business Office,
Student Affairs,
Undergraduate Education,
University Advancement,
University Health and Counseling,
University Programs,
,
University Advancement/General Counsel,
General Counsel/Human Resources Management,
VP Burlington Campus,
,
,
No Selection,
Administration,
Athletics,
Bouve College of Health Sciences,
Business Services,
Business Services - Auxiliary Enterprises,
Business Services - Residence Halls,
Campus Planning & Development,
City and Community Affairs,
College of Arts, Media and Design
Khoury College of Computer Sciences,
College of Engineering,
College of Professional Studies,
College of Science,
College of Social Sciences and Humanities,
D'Amore-McKim School of Business,
Enrollment Management,
Enterprise Risk Management,
Facilities,
Facilities - Residence Halls,
Finance,
General Counsel,
Human Resources Management,
Information Technology Services,
Global Experience Office,
Library,
External Affairs,
Office of the Chancellor,
President's Office,
Provost,
Public Safety,
Research and Graduate Education,
Residential Life,
School of Law,
Student Activities Business Office,
Student Affairs,
Undergraduate Education,
University Advancement,
University Health and Counseling,
University Programs,
,
University Advancement/General Counsel,
General Counsel/Human Resources Management,
VP Burlington Campus,
,
,
No Selection,
Administration,
Athletics,
Bouve College of Health Sciences,
Business Services,
Business Services - Auxiliary Enterprises,
Business Services - Residence Halls,
Campus Planning & Development,
City and Community Affairs,
College of Arts, Media and Design
Khoury College of Computer Sciences,
College of Engineering,
College of Professional Studies,
College of Science,
College of Social Sciences and Humanities,
D'Amore-McKim School of Business,
Enrollment Management,
Enterprise Risk Management,
Facilities,
Facilities - Residence Halls,
Finance,
General Counsel,
Human Resources Management,
Information Technology Services,
Global Experience Office,
Library,
External Affairs,
Office of the Chancellor,
President's Office,
Provost,
Public Safety,
Research and Graduate Education,
Residential Life,
School of Law,
Student Activities Business Office,
Student Affairs,
Undergraduate Education,
University Advancement,
University Health and Counseling,
University Programs,
,
University Advancement/General Counsel,
General Counsel/Human Resources Management,
VP Burlington Campus,
,
,
No Selection,
Administration,
Athletics,
Bouve College of Health Sciences,
Business Services,
Business Services - Auxiliary Enterprises,
Business Services - Residence Halls,
Campus Planning & Development,
City and Community Affairs,
College of Arts, Media and Design
Khoury College of Computer Sciences,
College of Engineering,
College of Professional Studies,
College of Science,
College of Social Sciences and Humanities,
D'Amore-McKim School of Business,
Enrollment Management,
Enterprise Risk Management,
Facilities,
Facilities - Residence Halls,
Finance,
General Counsel,
Human Resources Management,
Information Technology Services,
Global Experience Office,
Library,
External Affairs,
Office of the Chancellor,
President's Office,
Provost,
Public Safety,
Research and Graduate Education,
Residential Life,
School of Law,
Student Activities Business Office,
Student Affairs,
Undergraduate Education,
University Advancement,
University Health and Counseling,
University Programs,
,
University Advancement/General Counsel,
General Counsel/Human Resources Management,
VP Burlington Campus,
,
,
No Selection,
Administration,
Athletics,
Bouve College of Health Sciences,
Business Services,
Business Services - Auxiliary Enterprises,
Business Services - Residence Halls,
Campus Planning & Development,
City and Community Affairs,
College of Arts, Media and Design
Khoury College of Computer Sciences,
College of Engineering,
College of Professional Studies,
College of Science,
College of Social Sciences and Humanities,
D'Amore-McKim School of Business,
Enrollment Management,
Enterprise Risk Management,
Facilities,
Facilities - Residence Halls,
Finance,
General Counsel,
Human Resources Management,
Information Technology Services,
Global Experience Office,
Library,
External Affairs,
Office of the Chancellor,
President's Office,
Provost,
Public Safety,
Research and Graduate Education,
Residential Life,
School of Law,
Student Activities Business Office,
Student Affairs,
Undergraduate Education,
University Advancement,
University Health and Counseling,
University Programs,
,
University Advancement/General Counsel,
General Counsel/Human Resources Management,
VP Burlington Campus,
,
,
No Selection,
Administration,
Athletics,
Bouve College of Health Sciences,
Business Services,
Business Services - Auxiliary Enterprises,
Business Services - Residence Halls,
Campus Planning & Development,
City and Community Affairs,
College of Arts, Media and Design
Khoury College of Computer Sciences,
College of Engineering,
College of Professional Studies,
College of Science,
College of Social Sciences and Humanities,
D'Amore-McKim School of Business,
Enrollment Management,
Enterprise Risk Management,
Facilities,
Facilities - Residence Halls,
Finance,
General Counsel,
Human Resources Management,
Information Technology Services,
Global Experience Office,
Library,
External Affairs,
Office of the Chancellor,
President's Office,
Provost,
Public Safety,
Research and Graduate Education,
Residential Life,
School of Law,
Student Activities Business Office,
Student Affairs,
Undergraduate Education,
University Advancement,
University Health and Counseling,
University Programs,
,
University Advancement/General Counsel,
General Counsel/Human Resources Management,
VP Burlington Campus,
,
,
No Selection,
Administration,
Athletics,
Bouve College of Health Sciences,
Business Services,
Business Services - Auxiliary Enterprises,
Business Services - Residence Halls,
Campus Planning & Development,
City and Community Affairs,
College of Arts, Media and Design
Khoury College of Computer Sciences,
College of Engineering,
College of Professional Studies,
College of Science,
College of Social Sciences and Humanities,
D'Amore-McKim School of Business,
Enrollment Management,
Enterprise Risk Management,
Facilities,
Facilities - Residence Halls,
Finance,
General Counsel,
Human Resources Management,
Information Technology Services,
Global Experience Office,
Library,
External Affairs,
Office of the Chancellor,
President's Office,
Provost,
Public Safety,
Research and Graduate Education,
Residential Life,
School of Law,
Student Activities Business Office,
Student Affairs,
Undergraduate Education,
University Advancement,
University Health and Counseling,
University Programs,
,
University Advancement/General Counsel,
General Counsel/Human Resources Management,
VP Burlington Campus,
,
,
No Selection,
Administration,
Athletics,
Bouve College of Health Sciences,
Business Services,
Business Services - Auxiliary Enterprises,
Business Services - Residence Halls,
Campus Planning & Development,
City and Community Affairs,
College of Arts, Media and Design
Khoury College of Computer Sciences,
College of Engineering,
College of Professional Studies,
College of Science,
College of Social Sciences and Humanities,
D'Amore-McKim School of Business,
Enrollment Management,
Enterprise Risk Management,
Facilities,
Facilities - Residence Halls,
Finance,
General Counsel,
Human Resources Management,
Information Technology Services,
Global Experience Office,
Library,
External Affairs,
Office of the Chancellor,
President's Office,
Provost,
Public Safety,
Research and Graduate Education,
Residential Life,
School of Law,
Student Activities Business Office,
Student Affairs,
Undergraduate Education,
University Advancement,
University Health and Counseling,
University Programs,
,
University Advancement/General Counsel,
General Counsel/Human Resources Management,
VP Burlington Campus,
,
,
No Selection,
Administration,
Athletics,
Bouve College of Health Sciences,
Business Services,
Business Services - Auxiliary Enterprises,
Business Services - Residence Halls,
Campus Planning & Development,
City and Community Affairs,
College of Arts, Media and Design
Khoury College of Computer Sciences,
College of Engineering,
College of Professional Studies,
College of Science,
College of Social Sciences and Humanities,
D'Amore-McKim School of Business,
Enrollment Management,
Enterprise Risk Management,
Facilities,
Facilities - Residence Halls,
Finance,
General Counsel,
Human Resources Management,
Information Technology Services,
Global Experience Office,
Library,
External Affairs,
Office of the Chancellor,
President's Office,
Provost,
Public Safety,
Research and Graduate Education,
Residential Life,
School of Law,
Student Activities Business Office,
Student Affairs,
Undergraduate Education,
University Advancement,
University Health and Counseling,
University Programs,
,
University Advancement/General Counsel,
General Counsel/Human Resources Management,
VP Burlington Campus,
,
,
No Selection,
Administration,
Athletics,
Bouve College of Health Sciences,
Business Services,
Business Services - Auxiliary Enterprises,
Business Services - Residence Halls,
Campus Planning & Development,
City and Community Affairs,
College of Arts, Media and Design
Khoury College of Computer Sciences,
College of Engineering,
College of Professional Studies,
College of Science,
College of Social Sciences and Humanities,
D'Amore-McKim School of Business,
Enrollment Management,
Enterprise Risk Management,
Facilities,
Facilities - Residence Halls,
Finance,
General Counsel,
Human Resources Management,
Information Technology Services,
Global Experience Office,
Library,
External Affairs,
Office of the Chancellor,
President's Office,
Provost,
Public Safety,
Research and Graduate Education,
Residential Life,
School of Law,
Student Activities Business Office,
Student Affairs,
Undergraduate Education,
University Advancement,
University Health and Counseling,
University Programs,
,
University Advancement/General Counsel,
General Counsel/Human Resources Management,
VP Burlington Campus,
,
,
No Selection,
Administration,
Athletics,
Bouve College of Health Sciences,
Business Services,
Business Services - Auxiliary Enterprises,
Business Services - Residence Halls,
Campus Planning & Development,
City and Community Affairs,
College of Arts, Media and Design
Khoury College of Computer Sciences,
College of Engineering,
College of Professional Studies,
College of Science,
College of Social Sciences and Humanities,
D'Amore-McKim School of Business,
Enrollment Management,
Enterprise Risk Management,
Facilities,
Facilities - Residence Halls,
Finance,
General Counsel,
Human Resources Management,
Information Technology Services,
Global Experience Office,
Library,
External Affairs,
Office of the Chancellor,
President's Office,
Provost,
Public Safety,
Research and Graduate Education,
Residential Life,
School of Law,
Student Activities Business Office,
Student Affairs,
Undergraduate Education,
University Advancement,
University Health and Counseling,
University Programs,
,
University Advancement/General Counsel,
General Counsel/Human Resources Management,
VP Burlington Campus,
,
,
No Selection,
Administration,
Athletics,
Bouve College of Health Sciences,
Business Services,
Business Services - Auxiliary Enterprises,
Business Services - Residence Halls,
Campus Planning & Development,
City and Community Affairs,
College of Arts, Media and Design
Khoury College of Computer Sciences,
College of Engineering,
College of Professional Studies,
College of Science,
College of Social Sciences and Humanities,
D'Amore-McKim School of Business,
Enrollment Management,
Enterprise Risk Management,
Facilities,
Facilities - Residence Halls,
Finance,
General Counsel,
Human Resources Management,
Information Technology Services,
Global Experience Office,
Library,
External Affairs,
Office of the Chancellor,
President's Office,
Provost,
Public Safety,
Research and Graduate Education,
Residential Life,
School of Law,
Student Activities Business Office,
Student Affairs,
Undergraduate Education,
University Advancement,
University Health and Counseling,
University Programs,
,
University Advancement/General Counsel,
General Counsel/Human Resources Management,
VP Burlington Campus,
,
,
No Selection,
Administration,
Athletics,
Bouve College of Health Sciences,
Business Services,
Business Services - Auxiliary Enterprises,
Business Services - Residence Halls,
Campus Planning & Development,
City and Community Affairs,
College of Arts, Media and Design
Khoury College of Computer Sciences,
College of Engineering,
College of Professional Studies,
College of Science,
College of Social Sciences and Humanities,
D'Amore-McKim School of Business,
Enrollment Management,
Enterprise Risk Management,
Facilities,
Facilities - Residence Halls,
Finance,
General Counsel,
Human Resources Management,
Information Technology Services,
Global Experience Office,
Library,
External Affairs,
Office of the Chancellor,
President's Office,
Provost,
Public Safety,
Research and Graduate Education,
Residential Life,
School of Law,
Student Activities Business Office,
Student Affairs,
Undergraduate Education,
University Advancement,
University Health and Counseling,
University Programs,
,
University Advancement/General Counsel,
General Counsel/Human Resources Management,
VP Burlington Campus,
,
,
No Selection,
Administration,
Athletics,
Bouve College of Health Sciences,
Business Services,
Business Services - Auxiliary Enterprises,
Business Services - Residence Halls,
Campus Planning & Development,
City and Community Affairs,
College of Arts, Media and Design
Khoury College of Computer Sciences,
College of Engineering,
College of Professional Studies,
College of Science,
College of Social Sciences and Humanities,
D'Amore-McKim School of Business,
Enrollment Management,
Enterprise Risk Management,
Facilities,
Facilities - Residence Halls,
Finance,
General Counsel,
Human Resources Management,
Information Technology Services,
Global Experience Office,
Library,
External Affairs,
Office of the Chancellor,
President's Office,
Provost,
Public Safety,
Research and Graduate Education,
Residential Life,
School of Law,
Student Activities Business Office,
Student Affairs,
Undergraduate Education,
University Advancement,
University Health and Counseling,
University Programs,
,
University Advancement/General Counsel,
General Counsel/Human Resources Management,
VP Burlington Campus,
,
,
No Selection,
Administration,
Athletics,
Bouve College of Health Sciences,
Business Services,
Business Services - Auxiliary Enterprises,
Business Services - Residence Halls,
Campus Planning & Development,
City and Community Affairs,
College of Arts, Media and Design
Khoury College of Computer Sciences,
College of Engineering,
College of Professional Studies,
College of Science,
College of Social Sciences and Humanities,
D'Amore-McKim School of Business,
Enrollment Management,
Enterprise Risk Management,
Facilities,
Facilities - Residence Halls,
Finance,
General Counsel,
Human Resources Management,
Information Technology Services,
Global Experience Office,
Library,
External Affairs,
Office of the Chancellor,
President's Office,
Provost,
Public Safety,
Research and Graduate Education,
Residential Life,
School of Law,
Student Activities Business Office,
Student Affairs,
Undergraduate Education,
University Advancement,
University Health and Counseling,
University Programs,
,
University Advancement/General Counsel,
General Counsel/Human Resources Management,
VP Burlington Campus,
